conformation,conf1,conf1,conf1,conf1,conf2,conf2,conf2,conf2,conf3,conf3,conf3,conf3,conf4,conf4,conf4,conf4,conf1,conf1,conf1,conf1,conf1,conf2,conf2,conf2,conf2,conf2,conf3,conf3,conf3,conf3,conf3,conf4,conf4,conf4,conf4,conf4
secondary_structure,eternafold,icSHAPE,libraryDMS,librarySHAPE,eternafold,icSHAPE,libraryDMS,librarySHAPE,eternafold,icSHAPE,libraryDMS,librarySHAPE,eternafold,icSHAPE,libraryDMS,librarySHAPE,eternafold,icSHAPE,libraryDMS,librarySHAPE,all,eternafold,icSHAPE,libraryDMS,librarySHAPE,all,eternafold,icSHAPE,libraryDMS,librarySHAPE,all,eternafold,icSHAPE,libraryDMS,librarySHAPE,all
modeling,auto-DRRAFTER,auto-DRRAFTER,auto-DRRAFTER,auto-DRRAFTER,auto-DRRAFTER,auto-DRRAFTER,auto-DRRAFTER,auto-DRRAFTER,auto-DRRAFTER,auto-DRRAFTER,auto-DRRAFTER,auto-DRRAFTER,auto-DRRAFTER,auto-DRRAFTER,auto-DRRAFTER,auto-DRRAFTER,auto-DRRAFTER and ERRASER,auto-DRRAFTER and ERRASER,auto-DRRAFTER and ERRASER,auto-DRRAFTER and ERRASER,auto-DRRAFTER and ERRASER,auto-DRRAFTER and ERRASER,auto-DRRAFTER and ERRASER,auto-DRRAFTER and ERRASER,auto-DRRAFTER and ERRASER,auto-DRRAFTER and ERRASER,auto-DRRAFTER and ERRASER,auto-DRRAFTER and ERRASER,auto-DRRAFTER and ERRASER,auto-DRRAFTER and ERRASER,auto-DRRAFTER and ERRASER,auto-DRRAFTER and ERRASER,auto-DRRAFTER and ERRASER,auto-DRRAFTER and ERRASER,auto-DRRAFTER and ERRASER,auto-DRRAFTER and ERRASER
score,convergence,convergence,convergence,convergence,convergence,convergence,convergence,convergence,convergence,convergence,convergence,convergence,convergence,convergence,convergence,convergence,convergence,convergence,convergence,convergence,convergence,convergence,convergence,convergence,convergence,convergence,convergence,convergence,convergence,convergence,convergence,convergence,convergence,convergence,convergence,convergence
187,2.9723,0.152046,2.20432,0.121543,0.119427,1.37093,0.865412,0.659197,5.16891,0.447766,2.46522,2.54875,2.90331,2.50403,3.71794,1.65994,2.29837,0.883104,1.67894,0.385801,4.29092,0.511318,1.51808,0.99683,0.412989,2.05859,6.60423,1.32171,1.8117,2.49666,11.1442,2.28877,1.86647,2.86186,1.3229,4.29774
188,2.54299,0.148818,1.94871,0.115811,0.113166,0.97859,0.84128,0.619963,4.70612,0.423674,2.10959,2.0975,2.5576,2.04319,3.1144,1.52292,1.89678,0.745136,1.58613,0.349077,4.24355,0.470235,1.28412,0.946815,0.380942,1.92033,5.82883,1.08297,1.46324,2.22814,9.86117,1.98793,1.7104,2.55352,1.10368,4.10643
189,2.11662,0.145415,1.64433,0.111312,0.107441,0.671063,0.829093,0.556057,4.20911,0.397903,1.55288,1.90238,2.05999,1.55246,2.52146,1.24988,1.54692,0.686821,1.5105,0.318191,4.22795,0.438541,1.1715,0.967798,0.361662,1.87543,5.10139,0.944338,1.05077,2.26428,8.91429,1.66622,1.4213,2.23411,0.909774,3.93449
190,2.09221,0.139587,1.55068,0.10687,0.101087,0.77599,0.864939,0.494369,3.82555,0.372399,1.03366,1.87811,1.64458,1.52641,2.42235,0.923125,1.55178,0.821298,1.50788,0.317491,4.25721,0.427001,1.30153,1.03251,0.360956,1.96004,4.72168,1.05489,0.945346,2.39357,8.51799,1.55259,1.0338,2.10859,0.976973,3.7909
191,2.50457,0.41068,1.81748,0.101851,0.0945893,2.2999,0.965174,0.476418,3.7853,2.7576,1.19094,2.04809,1.79652,2.17733,2.87093,0.802445,1.95033,1.10204,1.7327,0.363839,4.51883,0.48624,2.15977,1.14542,0.374764,2.30822,5.12279,3.29437,1.45439,2.68912,9.31487,1.84981,0.887541,2.27481,1.24655,3.87067
192,4.72518,0.71406,4.52132,0.319745,0.681252,5.50285,1.10151,0.743127,7.84074,2.78262,3.24164,2.55234,5.99591,2.57836,6.61242,1.12713,5.08907,1.33849,4.53441,0.411261,5.98573,0.771784,5.05877,1.20689,0.611122,3.29979,9.08629,2.51806,3.41875,3.41974,11.1484,6.59609,1.50507,6.50985,1.60333,6.28264
193,1.98013,0.252969,2.33898,0.186945,0.416134,1.54058,1.20617,0.739385,5.87027,0.661386,1.55627,2.07574,1.6699,1.54607,2.70198,1.14992,1.88431,0.682254,1.89955,0.44245,4.88267,0.60491,1.63956,1.31541,0.51235,2.34484,6.679,1.17785,1.51038,2.39315,10.3336,1.81707,1.48865,2.58183,1.13883,4.41165
194,1.76267,0.10376,1.77101,0.0909439,0.0864789,0.90428,1.14812,0.551903,5.72931,0.334984,0.887214,2.05199,1.30188,1.19269,2.52139,1.10351,1.48127,0.565268,1.90892,0.391776,4.83879,0.545594,1.21613,1.43274,0.517038,2.31333,6.52827,0.921905,1.40977,2.7275,10.4228,1.61165,1.31212,2.299,1.09232,4.25918
195,2.26641,0.286417,1.98251,0.175221,0.179077,1.31168,1.21993,0.979206,8.82023,0.348422,1.21074,2.92066,1.46564,1.60904,3.47668,1.48684,1.31928,0.517889,1.9277,0.401903,4.78493,0.582996,1.37179,1.53749,0.764101,2.38699,8.95625,0.982081,1.69589,2.91854,11.2424,1.58812,1.47783,2.84541,1.19776,4.27869
196,1.70317,0.188781,1.90262,0.173757,0.227327,0.503287,1.53153,0.833443,7.39159,0.324599,1.14918,2.42646,1.66867,1.58993,3.32018,1.92849,1.38576,0.571247,2.00976,0.431598,4.94976,0.744502,0.711028,1.74341,0.640447,2.35943,7.14129,1.06146,1.44841,2.86246,11.0447,1.5977,1.70189,3.05204,1.35331,4.46445
197,1.51806,0.0847519,1.67858,0.0732764,0.0815073,0.388804,1.8106,0.551662,7.15175,0.276802,1.46669,2.51548,1.57251,1.37186,2.60914,1.95022,1.45428,0.664386,1.91243,0.601765,4.80774,0.925538,0.563779,1.96315,0.543662,2.31944,6.83072,1.26963,1.52669,2.9863,10.8305,1.52311,1.80707,2.85495,1.42703,4.27491
198,5.67443,1.46722,5.42992,4.36579,1.2673,1.2456,6.34894,1.29887,9.40676,1.77732,1.82106,6.59032,3.09888,5.72473,6.84024,6.3541,4.30376,2.12576,5.1215,4.13932,9.11561,1.60505,0.979033,6.33553,0.87206,4.24296,9.55514,1.77611,1.82236,7.19332,12.7856,2.95507,5.30545,6.7804,5.9414,7.41968
199,1.66641,0.622619,1.71355,0.682702,0.687703,0.715397,1.84867,0.983173,7.79279,0.935967,1.275,2.98541,1.97863,1.78314,2.23615,2.07917,1.36637,0.934929,1.78923,1.11554,5.62713,1.17752,0.74709,1.83655,0.657111,2.32313,7.41681,1.06741,1.29619,2.72564,11.2777,1.69115,1.74992,2.35679,2.07398,4.52178
200,0.683789,0.0827508,0.951936,0.060757,0.0684515,0.316913,0.895155,0.392783,7.03952,0.258129,1.00878,2.32833,1.9064,1.0245,1.52985,1.351,0.60244,0.467843,1.07664,0.406277,4.96082,0.611278,0.653833,1.13363,0.513011,1.99577,6.69472,0.890873,1.18412,2.46021,10.799,1.74354,1.44039,1.52418,1.55144,4.17644
201,0.624407,0.0852563,0.71697,0.0574581,0.0668749,0.295017,0.611994,0.375473,6.66332,0.268784,1.13575,2.18017,2.01788,0.926551,1.33422,1.32954,0.626431,0.328758,0.90812,0.355936,4.85009,0.691783,0.756186,1.09078,0.558521,1.98062,6.35996,1.03027,1.1006,2.41126,10.6515,1.83137,1.50137,1.51219,1.56658,4.14352
202,0.879781,0.0830888,1.61921,0.0559951,1.28755,1.01982,2.04543,1.49962,7.85387,2.53663,2.37553,2.4675,2.96419,1.95784,2.08707,3.41256,0.815192,0.259215,1.57439,0.341703,4.9605,1.33712,0.979253,2.69475,1.05733,2.50527,7.45468,2.80915,2.61136,2.84967,10.7051,2.60753,2.28576,1.98513,3.42924,4.633
203,1.0923,0.0776797,2.60873,0.0583563,1.43233,2.74923,2.90924,2.30397,7.88697,4.15958,3.79928,4.3914,3.60186,4.15316,4.20245,4.42397,1.67643,0.251999,2.1602,0.333715,5.14043,1.81504,1.96008,2.56683,2.11801,3.01393,8.37409,4.29615,3.65487,4.23657,11.3368,3.65543,4.01177,4.2452,3.87895,5.77663
204,0.836132,0.0786951,0.987701,0.0653202,0.225355,0.695103,0.828464,0.60341,7.09729,1.19373,1.53069,2.09761,1.81612,1.242,1.62606,2.03819,0.782473,0.279647,1.12895,0.285118,4.85537,0.907815,0.754436,1.04631,0.548701,2.08881,6.92539,1.50206,1.65779,2.86185,10.5746,1.57149,1.23851,1.72208,2.06254,3.95608
205,0.552398,0.0769055,0.505206,0.0709247,0.0682804,0.320672,0.311852,0.294832,6.8358,0.315898,0.84676,1.79455,1.19627,0.575455,0.940351,1.36413,0.657639,0.271693,0.775986,0.276452,4.58761,0.721725,0.448385,0.675716,0.396276,1.94317,6.58551,0.954103,1.07562,1.96479,10.0007,1.15374,0.898808,1.48372,1.61498,3.67746
206,0.543966,0.074763,0.434721,0.0755602,0.0729817,0.376643,0.275388,0.278956,6.74173,0.316111,0.800963,1.81211,0.995542,0.451623,0.952435,1.24668,0.565046,0.272901,0.658448,0.298159,4.52094,0.579104,0.364529,0.495013,0.31417,1.91919,6.22833,0.726751,0.9299,1.80955,9.62162,1.00899,0.730455,1.23513,1.31074,3.55795
207,0.53087,0.0739066,0.41615,0.0776793,0.0784228,0.418591,0.245623,0.319272,6.6972,0.31406,0.876751,1.80772,0.887484,0.460715,0.979268,1.25017,0.527474,0.276512,0.61886,0.321428,4.57013,0.543107,0.332579,0.404697,0.25301,1.93517,6.12602,0.686197,0.947615,1.74397,9.45712,0.898255,0.618539,1.13872,1.30838,3.55963
208,0.531955,0.0711389,0.396844,0.0748533,0.0818882,0.459342,0.278609,0.406557,6.69806,0.302003,0.94862,1.94782,0.870016,0.580518,1.02177,1.19571,0.555764,0.334063,0.601982,0.341505,4.59047,0.551456,0.364823,0.425949,0.237009,1.94474,6.08358,0.676203,1.00052,1.80484,9.38631,0.949218,0.648872,1.07866,1.3157,3.54381
209,0.566217,0.0695163,0.3949,0.0702643,0.0828646,0.484737,0.35174,0.491814,6.89415,0.296019,0.976087,2.21565,0.988476,0.728322,1.11148,1.08944,0.796784,0.532045,0.909975,0.637757,4.74304,0.727898,0.498583,0.567122,0.373922,2.00983,6.24678,0.749919,1.16584,2.0046,9.66986,1.13935,0.845091,1.09702,1.32165,3.63299
210,3.0143,0.0847269,0.667057,0.0789603,5.51458,0.660086,0.698489,0.748126,7.91746,1.32797,1.1806,2.50029,3.95843,0.767078,1.78175,1.26655,3.31669,0.9532,0.969325,0.79163,6.70771,5.14794,0.680739,0.699167,0.65533,6.31304,8.10976,0.971078,1.69319,2.4809,11.3843,4.95923,1.17605,1.71232,1.47155,7.19423
211,1.90529,0.0974228,0.531752,0.09014,0.850529,0.361217,0.561675,0.503028,7.62575,0.884564,0.872383,2.627,1.64948,0.651974,1.5918,0.949007,2.27467,0.715378,0.684286,0.611816,5.28139,2.19886,0.583719,0.665183,0.61409,7.62798,6.56909,0.898134,1.49567,2.93917,11.0135,2.26672,1.02968,1.98539,1.28656,7.9302
212,2.10656,0.110359,1.79046,0.102325,0.123597,0.405659,0.827601,0.493995,7.46796,0.931734,1.03683,2.98846,1.66368,0.687181,1.62894,1.08534,2.61872,0.860629,0.928775,0.935949,5.85241,1.56803,0.844055,0.750314,0.801366,8.99012,6.96182,0.987247,1.93661,3.47124,11.9783,2.35861,1.47288,1.79967,1.67676,8.23277
213,2.50018,2.01399,1.87567,1.82572,0.137882,1.84155,0.964021,1.58963,8.8803,1.6362,1.59268,4.11785,1.77806,1.87386,1.54969,2.4681,3.21134,2.01674,1.46914,1.91903,5.87301,1.44798,1.59117,0.98889,1.43457,10.6011,8.71784,1.46976,1.98049,4.81922,13.0061,2.54898,2.61788,1.44325,3.03029,8.07409
214,2.74952,0.573376,1.55865,0.836346,0.154157,1.24287,1.50313,1.29871,11.0089,0.911111,2.58562,4.55154,1.82517,2.29051,1.5895,1.89755,3.57575,1.04576,1.35997,1.12891,6.68682,1.51168,1.14145,0.924509,0.996976,11.2906,10.8033,1.33694,2.49769,5.29732,14.7525,2.58781,2.26397,1.40391,2.23424,8.17129
215,3.10891,0.153443,1.12891,0.14486,0.168906,0.681856,1.04067,0.968782,13.2267,0.508687,2.76968,3.97425,2.03088,1.92967,1.54321,1.59372,4.47215,0.907606,1.41106,0.658837,8.66258,1.73926,0.655401,0.875378,0.801731,11.0166,12.9409,1.21189,2.67256,4.9253,17.2582,3.54,2.17035,1.40125,2.02589,9.23013
216,7.77495,0.154953,1.24059,0.151213,1.48141,0.595394,0.925691,0.839644,15.1764,0.527279,2.97001,4.16103,3.97076,1.83797,1.54673,1.61977,8.39738,0.875795,1.54151,0.566968,11.1359,2.23932,0.608029,0.941369,0.755318,10.5999,14.9938,1.1622,3.14502,5.06809,20.2819,4.25676,2.24425,1.45581,2.04495,11.0451
217,11.3789,0.148086,1.39054,0.149713,2.72744,0.499988,0.813404,0.712166,15.9493,0.525018,2.92703,4.79893,6.08053,1.72587,1.55674,1.79471,12.3051,0.895219,1.66027,0.545161,13.1338,3.03283,0.61895,1.05063,0.779341,10.3665,15.4429,1.13669,3.28294,5.43522,22.3199,6.46308,2.13307,1.50478,2.07863,14.2004
218,14.2402,0.137937,1.64177,0.143927,2.82191,0.549703,0.776314,0.672361,15.6237,0.514695,2.70406,5.46886,8.7661,1.89305,1.72519,2.06057,15.3767,1.15651,1.92178,0.700823,14.6972,3.2019,0.845377,1.33286,0.902018,10.1683,14.7014,1.1853,3.20696,5.87344,23.6005,8.72663,2.00377,1.78553,2.16338,17.7358
219,17.7062,2.98809,3.26586,3.26779,5.29917,3.279,2.73802,2.90779,14.0799,2.6622,3.33221,6.47283,7.85001,2.74925,5.37909,3.45842,18.8991,3.49817,3.26831,3.12038,17.8169,5.66563,2.82657,3.6214,2.87834,11.1857,13.7956,3.34053,3.91477,6.4991,25.1383,8.03319,2.96879,4.03614,3.91975,20.9148
220,16.3033,4.91797,6.3079,4.91596,4.63874,6.09953,3.59327,3.96739,12.5732,5.55514,6.14504,7.37753,7.57621,2.75808,8.67373,3.47357,17.5939,4.60291,6.62596,4.91871,18.7788,5.40438,5.89048,3.72426,4.16334,10.1456,11.9351,5.82629,6.3296,7.00762,25.1623,8.10142,2.3832,9.48259,3.16042,22.9697
221,15.249,0.583339,6.74633,0.497641,5.85153,1.27764,5.94142,1.09352,11.2962,2.0734,8.27788,6.8649,11.1119,2.31473,9.00442,2.78966,16.1171,1.64162,6.85752,1.05165,17.7367,5.82677,1.55356,5.60566,1.53182,7.51071,10.8573,2.45359,8.47627,6.80111,24.0276,11.428,2.11834,9.38503,2.79796,24.4996
222,12.6515,0.0919963,8.31554,0.0990811,2.18681,0.723251,7.73164,0.734957,10.785,1.80713,4.20663,6.09907,8.65417,1.82432,7.39853,2.41346,13.4966,1.10107,7.71251,0.640929,18.2229,2.47019,0.930523,7.39958,1.19083,6.81358,10.9428,2.37812,5.02236,6.19032,24.8028,9.20828,1.92361,7.8541,2.44393,24.7385
223,10.8288,0.091981,2.28223,0.0969835,0.986318,0.682094,1.78785,0.752723,11.5578,1.95757,3.095,5.79051,6.64351,1.77788,2.68001,2.35479,12.7064,1.10919,2.95899,0.635553,18.3567,1.80268,1.05802,2.73304,1.44513,7.54221,11.0667,2.66148,4.14412,5.93009,25.3064,7.22438,1.90049,3.15308,2.33744,25.4846
224,4.14895,0.189573,1.62074,0.432208,0.241455,6.08608,1.12757,7.51925,12.5537,4.36401,3.4842,6.31967,2.92099,2.50619,1.84275,3.54153,5.68815,1.54911,1.85653,0.885924,19.163,1.62871,6.57753,1.54148,7.45013,11.7019,11.645,5.37587,3.96126,6.32244,26.9001,3.44292,2.24969,2.49734,3.05781,27.8055
225,3.52774,0.1552,1.6042,0.230035,0.182384,1.79685,1.22169,1.84684,12.4093,3.08565,3.35054,5.88744,2.3264,2.51833,1.84772,3.49784,4.4737,1.14999,1.64637,0.714376,19.7395,1.56566,2.19737,1.40961,2.089,8.77099,11.4793,3.04488,3.95481,6.11169,26.4336,2.7547,2.28569,2.38377,3.15086,30.5871
226,3.31101,0.120192,1.74447,0.125078,0.176804,1.51027,1.1738,1.04188,11.2254,2.62713,3.34718,5.70854,2.20716,2.4508,1.80291,3.28469,4.09951,1.10859,1.63195,0.716307,19.6941,1.5094,1.76721,1.24807,1.5699,7.72944,10.4039,2.77801,3.89083,6.0258,25.7336,2.64828,2.42406,2.30546,3.06357,32.4136
227,3.03606,0.129912,1.89774,0.137444,0.16144,1.57489,1.07382,1.05326,8.89767,2.00738,3.38767,5.57657,2.27052,2.28672,1.73082,2.81938,3.7687,1.24262,1.966,0.799114,18.7664,1.44995,1.67213,1.28905,1.53235,8.58354,8.3472,2.09411,3.68241,5.94879,24.4959,2.79348,2.4945,2.32356,2.8239,34.1053
228,3.08677,1.30047,2.50327,1.91126,0.148218,1.92838,1.44073,2.63365,7.03638,1.84762,3.59674,6.03868,2.57519,2.65404,3.19865,2.635,3.90653,1.96375,2.75473,2.43139,19.2012,1.718,1.81371,1.56142,2.71245,11.7376,6.56228,1.82906,3.58374,6.37051,24.4598,3.25302,2.93395,3.15185,2.96133,37.4326
229,5.16687,4.4997,5.1039,4.04798,4.45815,3.00999,3.56467,4.85213,6.85705,2.35815,4.89571,7.37957,7.57546,3.74347,4.34776,2.50666,5.45651,5.3397,5.22164,3.62312,21.5682,5.01566,2.8973,3.44235,4.5448,15.6342,6.9464,2.17697,4.42754,7.42064,24.2685,7.3243,3.77971,4.48217,2.79272,41.4206
230,4.53229,5.82426,7.43661,6.50089,4.03932,5.84992,6.05916,6.13882,5.46042,3.4176,5.91065,7.98361,7.63026,4.86663,7.33535,2.74548,4.18404,6.0955,7.50108,6.7429,26.0067,4.2827,4.93039,5.8389,5.70848,17.8476,6.01369,2.98603,6.11981,7.60855,26.4742,7.19193,4.88913,7.49476,3.16267,43.9848
231,1.10157,5.30712,8.53851,6.04746,0.75636,4.98878,5.21197,4.91762,2.27353,3.34552,6.11986,7.29728,2.77061,7.00326,6.14035,3.9745,2.19923,5.98054,8.73937,5.95231,24.1841,1.15971,4.78903,5.05021,4.90306,19.1757,3.03499,2.87619,6.27906,7.05123,24.4037,3.01638,7.40211,6.27051,4.06316,43.5723
232,0.558203,4.61512,7.47865,3.30143,0.123144,3.82406,4.71716,6.83341,1.91859,3.1115,4.79563,7.12897,2.60106,5.22082,5.86174,3.71776,1.38572,4.84262,7.31356,3.06369,21.4323,0.805433,4.0878,4.25709,6.17957,19.1857,2.51477,2.63449,4.92608,7.34356,22.8875,2.52299,5.4456,5.67647,3.74203,39.0821
233,0.502822,2.72625,6.48803,2.60067,0.135995,4.68993,3.61558,4.98477,1.73617,2.64016,3.67437,7.02592,2.70379,3.09265,5.14317,2.73098,1.24397,2.65957,5.65051,2.98126,20.4974,0.759463,5.06304,3.16364,3.95674,18.1391,2.15143,2.13507,3.6909,7.54671,22.581,2.416,3.38848,5.77304,2.69145,35.1669
234,0.449294,0.603614,3.20267,0.732581,0.149354,1.48987,1.42751,1.76104,1.57736,2.00194,3.43029,4.36204,2.69456,1.89707,2.50231,2.20517,1.10691,1.24216,3.06764,1.22816,20.1027,0.700039,1.93667,1.76449,1.74946,16.511,1.88065,1.55518,3.35721,4.94763,22.3856,2.27256,2.10158,2.71465,2.33032,32.4401
235,0.477724,0.132163,2.54747,0.137411,0.156533,1.10156,0.981662,1.17062,1.50166,1.62811,3.36213,4.57884,2.46896,1.47527,1.97843,2.0057,1.00971,1.02834,2.21079,0.767898,20.9939,0.814749,1.39346,1.37097,1.25223,15.0706,1.89102,1.3113,3.24372,4.47593,22.6594,2.07732,1.86325,2.26132,2.2028,30.9581
236,0.562877,0.131373,2.47461,0.134029,0.161541,1.08182,1.43372,1.18094,1.43659,1.98235,3.87016,5.08378,2.45533,1.70425,2.22129,2.17008,1.04711,0.970191,2.26046,0.581137,21.6617,1.04664,1.22367,1.37264,1.18291,13.7363,2.0298,1.64322,3.59821,4.83998,22.9553,2.14577,2.10795,2.24327,2.19681,29.6062
237,0.65037,0.122816,1.99557,0.12418,0.164298,0.942873,1.16209,1.19848,1.35874,2.22322,3.19305,5.34891,2.58423,1.94431,2.03782,2.30789,1.11246,0.814731,2.34054,0.53484,21.011,1.20768,0.897897,1.10658,1.02472,12.0181,2.05,1.73037,3.65587,4.66251,22.6001,2.22272,2.08209,2.11634,1.96102,27.6261
238,0.731774,0.115962,1.72958,0.116155,0.169303,0.882039,1.01329,0.925885,1.31256,1.46261,2.81265,4.7654,2.6831,1.71919,1.67643,1.93137,1.25821,0.7205,2.20351,0.545711,20.1669,1.20322,0.859416,1.00763,0.919606,10.3635,2.00557,1.37493,3.18274,4.47332,22.0593,2.31553,1.85105,2.02478,1.77787,25.9658
239,1.58895,0.104236,1.69563,0.105173,0.180659,0.829345,0.955008,0.855912,1.08264,1.13084,2.84365,5.07819,2.75375,1.80954,1.555,1.83825,1.79719,0.907125,2.17368,0.626809,19.1588,1.19592,0.802832,1.10771,1.08755,8.77402,1.93258,1.4005,3.49909,5.28129,22.4178,2.46884,1.8318,2.16621,1.96722,25.8459
240,2.31032,0.635054,1.7614,0.350077,0.193674,0.80051,1.4638,1.26194,0.61624,1.26541,3.27289,5.53664,2.91964,2.48401,1.85777,2.0279,1.73696,0.862134,2.22922,0.615225,19.2913,1.40301,0.736348,0.949794,1.03998,8.09907,1.87692,1.34177,3.51337,5.73541,23.1031,2.62542,1.69805,2.11699,2.1068,25.5563
241,2.91438,0.2151,1.68269,0.121398,1.09168,0.752513,1.15409,0.77086,0.608069,0.482901,3.33404,5.95723,3.71369,1.84604,1.41956,2.26785,1.76981,0.768895,1.92198,0.462682,20.4818,2.98995,0.563403,0.834192,0.809349,7.26843,2.00694,1.11394,3.55207,5.84486,24.1784,3.34555,1.64359,1.80858,2.21563,26.0244
242,3.41062,0.121364,1.41316,0.125657,5.318,0.422084,0.6946,0.588999,0.616894,0.433903,3.52414,6.16912,4.60582,1.79791,1.32564,2.08953,1.82593,0.793168,1.82916,0.487913,22.6405,5.52154,0.499711,0.667203,0.804297,7.18308,2.47835,1.0888,3.74816,6.13863,26.1118,3.49903,1.99181,1.61971,2.38018,26.7867
243,2.88398,0.141031,1.42022,0.141975,4.57745,0.423452,0.831178,0.628274,0.557823,0.479286,3.65528,5.53102,3.89377,2.05584,1.13517,2.05707,2.04369,0.82796,1.76579,0.559905,22.0132,5.15404,0.592432,0.797594,0.811906,6.02338,2.98767,1.257,3.95944,5.7851,24.2917,3.99373,2.29444,1.44665,2.44323,24.6975
244,2.59504,0.159061,1.59438,0.155429,0.811839,0.509629,1.00063,0.732071,0.549762,0.517846,3.84792,4.83658,2.76399,2.33824,1.09333,2.13965,2.01891,0.918452,1.76211,0.679441,20.9016,1.60149,0.766743,1.02609,0.925928,4.37907,1.9583,1.46816,4.23966,5.30141,22.1396,3.29522,2.67792,1.48361,2.58393,21.6679
245,3.10669,0.170424,1.8025,0.161961,0.173509,0.651757,1.17869,0.870349,0.54518,0.534307,3.97956,4.13747,3.10777,2.63825,1.26141,2.20267,2.42356,1.14859,1.78592,0.923866,19.0163,1.32483,1.01317,1.25597,1.1598,5.9008,1.82503,1.6219,4.42929,4.48043,19.5948,3.24064,3.00527,1.61247,2.57651,18.0449
246,5.23498,2.10379,2.15512,1.80102,1.53298,1.45218,2.63726,1.65799,2.62489,5.53514,5.43892,6.09812,5.1997,4.38319,6.11059,4.18719,4.54749,2.66268,1.96662,2.81528,17.0337,2.41593,1.63594,2.5527,1.70822,9.15631,3.65951,6.21773,5.66317,6.32161,18.417,5.60276,4.69717,6.0395,4.68594,16.2294
247,1.52075,6.17921,4.30124,4.01378,0.691553,3.72867,3.48773,3.89454,1.78123,9.00119,8.36746,7.7953,3.32754,5.25407,7.35564,6.40841,1.55028,5.67407,4.29539,3.5831,15.764,1.7755,3.76459,3.63265,4.13207,10.3158,1.98725,8.50484,8.34583,7.87484,17.3405,3.10447,5.4306,7.26684,7.09431,17.5817
248,0.653922,9.18421,5.8713,7.61807,0.134242,5.35724,4.97808,6.13686,1.49327,8.10762,7.92221,7.41112,2.99943,8.48338,6.31013,9.32112,1.24069,8.61192,5.30053,7.22168,15.2947,1.38713,5.13421,5.79851,6.33444,10.8324,2.10093,7.86695,7.9055,7.58458,14.8847,2.90744,9.41951,6.41195,9.50347,18.3469
249,0.564053,9.19919,8.23995,9.00954,0.130662,7.60056,7.36631,7.99895,1.52423,6.87072,6.04816,7.58004,2.84518,8.74554,5.7012,10.4684,1.10764,9.65132,7.23325,8.26147,15.3276,1.18789,7.90994,7.58986,8.0245,10.1171,2.21311,6.81341,6.28548,7.39312,13.5678,2.77735,9.8509,5.92061,11.0991,17.3607
250,0.515703,5.04605,4.12954,4.6731,0.132356,4.32615,2.55869,3.74272,1.63737,3.17418,3.31125,4.51407,2.92389,3.84146,2.26144,6.14626,0.997869,6.84213,3.82048,4.86832,11.6314,1.09218,4.99482,3.09746,5.13109,5.63536,2.27115,3.47101,3.50431,4.57897,11.8952,2.79253,5.36479,2.6727,6.88033,12.692
251,0.47609,3.5646,3.0669,4.6635,0.135272,4.58723,1.37313,5.86835,1.7481,3.2561,2.23257,4.89163,2.9075,7.70979,1.70753,6.33096,0.960031,4.39124,3.18449,4.63975,9.48516,0.911085,4.97079,1.57888,5.62212,4.85133,2.24025,3.87085,2.96799,4.61018,9.87142,2.7421,8.29164,1.91488,6.55162,11.8021
252,0.462694,1.20588,7.06955,1.21187,0.136614,1.12949,1.32684,1.5206,1.89096,1.53444,3.52136,3.36922,3.13399,1.77493,6.65028,1.82005,0.974052,1.74232,7.62681,1.53849,8.65768,0.704889,1.5363,1.24469,1.78962,2.52714,2.37381,2.01244,4.28313,3.5925,8.61666,2.84803,2.5033,6.95793,2.62787,12.4407
253,0.479271,0.123814,1.64078,0.108306,0.132059,0.559802,0.810787,0.520933,2.0513,0.928195,1.95633,2.53521,3.20853,0.776851,3.00842,1.23184,1.0119,1.00719,2.12223,0.942908,6.14162,0.545394,0.879546,0.971676,1.05563,1.7776,2.59393,1.37763,2.01726,2.76092,7.21358,2.92333,1.49423,3.93911,1.35936,10.7942
254,0.533549,0.111295,0.604139,0.0946158,0.124026,0.441698,0.543634,0.48066,2.17563,0.613069,1.28106,2.04445,2.88756,0.584706,2.58576,0.908765,1.15145,0.801662,0.947915,0.733368,4.24417,0.464454,0.613226,0.710336,0.785068,1.62898,2.77567,1.00796,1.44386,2.29257,6.16432,2.76553,1.06606,3.11571,1.07518,11.4414
255,1.41962,0.101599,0.4952,0.0837906,0.115575,0.470084,0.551934,0.471508,2.24704,0.464701,0.884366,2.13442,3.69062,0.688398,2.58037,0.776472,1.652,0.704684,0.71789,0.626879,6.68245,0.420143,0.546831,0.621679,0.634623,1.60056,3.15449,0.859699,1.29026,2.33259,8.10921,3.69254,0.80707,2.97626,1.04312,13.7129
256,1.02565,0.0925919,0.394306,0.0748164,0.104459,0.441082,0.483897,0.423431,2.53916,0.37745,0.655649,2.04538,5.30848,0.455624,2.21642,0.659355,1.22466,0.606468,0.54446,0.546394,9.12768,0.385596,0.484197,0.491094,0.539208,1.56887,3.5649,0.84557,1.17737,2.35288,11.3072,5.53306,0.617766,2.93619,0.945813,15.153
257,0.900146,0.0900693,0.360712,0.071727,0.100064,0.430469,0.450567,0.423623,3.2885,0.375956,0.637219,2.04035,7.10469,0.465288,2.31711,0.620665,1.0011,0.567832,0.4939,0.510004,12.1109,0.371616,0.465042,0.406065,0.530358,1.5945,4.1934,0.861438,1.2312,2.36314,14.9586,7.4456,0.555631,3.20178,0.887907,17.8579
258,0.823217,0.0948148,0.352125,0.0777133,0.104797,0.423267,0.424385,0.449529,3.64474,0.398357,0.709211,1.97289,8.73459,0.494108,2.38797,0.616056,0.792461,0.535276,0.462294,0.459384,15.4597,0.369225,0.452383,0.355699,0.537014,1.57045,4.5181,0.850959,1.26066,2.18559,18.1063,9.17532,0.498524,3.26328,0.823341,21.4513
259,0.871083,0.102842,0.387346,0.0848482,0.115043,0.424893,0.442103,0.476602,3.29053,0.430794,0.756015,1.87609,10.0517,0.520025,2.56199,0.660928,0.788551,0.543068,0.470001,0.449508,18.3925,0.403018,0.486427,0.370753,0.565421,1.59487,4.1502,0.817949,1.2285,2.00874,20.7111,10.4947,0.519444,3.19961,0.8314,25.6526
260,0.968958,0.114691,0.426977,0.0949016,0.128376,0.42838,0.461445,0.498935,2.56009,0.474834,0.791954,1.78,10.9261,0.562187,2.74735,0.72249,1.11057,0.560995,0.53308,0.524287,20.7721,0.453028,0.555446,0.439472,0.657771,1.62453,3.51215,0.798541,1.22535,1.91858,22.7449,11.0546,0.613632,3.11785,0.853545,29.3311
261,1.09352,0.126464,0.444839,0.101318,0.140338,0.420198,0.456314,0.529224,1.89238,0.515979,0.852461,1.77936,10.8988,0.616872,2.94627,0.772247,1.50431,0.789019,0.71418,0.897958,21.7405,0.812181,0.756063,0.749842,0.843999,1.73836,3.34904,0.987393,1.45756,2.07705,24.1468,10.6619,0.803171,3.70095,0.992624,31.6722
262,1.53715,4.88325,4.50294,5.17861,6.25225,3.31625,5.17712,6.05499,6.36149,1.99855,2.11488,2.11569,10.4552,3.03688,6.11816,6.02034,1.97902,5.80015,5.20856,5.43676,26.1329,5.8342,3.3624,5.57651,6.06767,6.05563,7.04377,2.39534,2.6133,2.58164,27.3271,11.2379,4.32929,6.49172,5.57355,37.0266
263,1.65519,0.789673,1.44271,1.13873,1.08896,1.95063,1.46136,2.36516,4.48755,0.935907,1.41243,2.15191,6.33585,1.28959,3.78821,1.83862,1.71868,1.7045,2.10199,1.77714,20.4645,1.66432,1.56792,1.65918,2.19517,2.66768,4.63893,1.1147,1.74312,1.91224,25.5455,6.89582,1.72778,3.95825,2.11101,33.0584
264,1.50464,0.148221,0.858129,0.104297,0.162716,1.90049,0.734151,1.83478,5.37732,0.726758,1.32222,2.09844,4.25089,1.06422,3.02372,1.31865,1.75497,1.15415,1.08139,1.0996,19.2627,1.14975,1.45082,1.06792,1.69994,2.28966,5.52439,1.0173,1.70923,1.71136,25.8226,4.29003,1.4485,3.37667,1.40132,34.0321
265,1.66776,0.151112,0.93838,0.102,0.169718,1.9532,0.858185,1.68109,6.38362,0.774919,1.41965,2.06204,3.93026,0.958182,3.12813,1.36074,1.80744,0.942966,1.04349,0.905523,19.0228,1.05143,1.34434,1.15016,1.57364,2.12669,6.38471,0.982193,1.77828,1.77485,25.6183,4.22135,1.29031,3.58651,1.25797,35.6901
266,1.97931,0.698871,1.61684,0.101706,0.507674,3.81225,2.224,2.04498,7.22601,1.02576,2.68385,1.88166,6.02138,1.73663,4.99169,2.25447,1.95329,1.73695,1.94111,0.828827,21.029,1.19791,3.25746,2.20403,1.74776,2.74947,7.24544,1.11147,2.30434,1.95072,27.3559,6.31359,1.74832,4.73026,2.95493,38.9432
267,2.36883,1.89579,2.54372,0.107582,2.22542,5.71583,5.03811,4.08572,7.99746,1.42734,4.83447,2.50404,6.897,2.73547,5.65591,3.82592,2.27065,2.87517,2.58265,0.699808,24.3619,2.54314,5.67066,4.98246,4.06296,4.64221,8.0466,1.31657,5.2046,2.4643,31.7107,6.67776,3.65591,6.05188,3.82875,42.6721
268,3.12058,5.01638,4.82446,0.117312,3.17019,5.3294,5.13871,4.70609,8.3509,2.0689,5.01743,2.32512,7.06072,5.08334,6.53942,5.59692,2.84137,4.79729,4.92075,0.759786,29.0222,3.49412,5.75616,5.16017,4.81221,4.81929,8.57457,1.69773,5.46098,2.18258,33.8586,6.77639,5.0407,6.71301,5.96472,46.5377
269,2.78397,3.91193,6.01582,0.109514,3.00184,7.08728,4.51014,4.91914,9.48174,1.83082,4.61622,2.52617,6.97519,4.55353,6.71604,6.43085,2.23563,3.6283,6.45077,0.817775,28.3566,3.90969,6.84739,3.96021,5.11239,5.04432,9.27346,1.4724,3.90899,2.24692,33.7644,6.06603,5.12121,7.19342,6.28988,44.5414
270,2.63983,1.82056,5.72822,0.0987348,1.32625,5.64551,5.52282,3.77651,7.75449,1.72332,3.28337,2.25691,7.5104,5.18693,6.28681,5.2278,2.11206,1.80906,5.85018,0.837147,25.1157,1.65282,6.07702,5.03635,3.59701,4.54354,7.65906,1.34583,2.40153,2.18884,29.9461,8.16188,5.05052,5.59082,5.1219,41.4792
271,2.51133,1.02139,5.19809,0.0891066,0.710165,5.13713,3.16463,5.25129,6.09673,1.55935,3.07682,1.9977,8.67452,3.80854,5.62698,4.6821,1.79208,1.17494,5.63524,0.808493,21.9625,0.95041,4.50172,2.75415,5.35159,4.06785,5.95405,1.18302,2.83869,2.19438,26.5784,9.31478,3.72402,5.56445,4.37932,37.7617
272,2.12301,0.467949,1.98541,0.084324,0.279031,1.37012,1.26415,1.26389,5.16784,1.12733,1.28625,1.71728,8.21279,1.31716,4.54321,1.51357,1.56544,0.805664,1.55942,0.719495,18.0209,0.733005,1.21851,1.11608,1.47352,1.83418,4.94796,0.914891,1.56736,2.06078,22.9372,9.18311,1.09405,3.7362,1.43747,33.9748
273,1.80895,0.126509,1.04675,0.0849481,0.144181,0.960091,0.852666,0.907828,4.42037,0.812115,1.12555,1.859,6.77292,0.942675,3.2857,0.957939,1.49529,0.57569,0.763799,0.677582,14.944,0.558999,0.821061,0.787267,1.10174,1.64095,4.10664,0.809239,1.35906,1.99424,20.0093,7.84247,0.830336,2.97044,1.03842,30.9297
274,1.88376,0.126523,1.22223,0.0884857,0.140772,0.828608,0.66601,0.801969,3.762,0.945669,1.37465,2.35155,5.3837,0.825002,2.26189,0.76097,1.68107,0.557547,0.833628,0.690051,13.4076,0.487748,0.642325,0.553983,1.02494,1.57962,3.4831,1.01562,1.50132,2.07537,18.1382,6.63503,0.754791,2.34462,0.869422,28.0701
275,1.70533,0.128828,1.13604,0.0957084,0.138137,0.491239,0.633772,0.603609,2.88488,0.943189,1.37911,2.08544,6.59862,0.717367,2.71603,0.792917,1.96739,0.614099,0.781334,0.675684,14.0893,0.508827,0.611879,0.464724,0.873008,1.54129,3.24638,0.903223,1.42614,1.6482,17.6316,7.17207,0.571226,2.56457,0.783091,25.6491
276,1.13342,0.126689,0.394972,0.100411,0.133105,0.407372,0.392557,0.563335,2.82411,0.49902,1.12528,1.5757,7.29953,0.648702,2.45535,0.680556,1.5105,0.519258,0.543836,0.575322,16.0466,0.420916,0.537295,0.377615,0.692795,1.42857,3.6294,0.66693,1.23407,1.30123,17.7506,7.8094,0.548039,2.63715,0.735756,24.3524
277,1.04376,0.122223,0.381245,0.102989,0.127038,0.432648,0.38288,0.530847,3.57519,0.480659,1.10327,1.59124,8.34259,0.653197,2.28626,0.656151,1.27231,0.489022,0.544041,0.530606,17.4088,0.398759,0.501808,0.355803,0.659367,1.46685,4.63848,0.689864,1.28858,1.36461,17.4173,8.76186,0.515423,2.78373,0.700496,23.4879
278,1.02445,0.116357,0.36422,0.10255,0.120482,0.447992,0.355257,0.510436,4.39797,0.457752,1.11584,1.70147,8.47039,0.647003,2.04894,0.633119,1.12462,0.470443,0.506693,0.487287,17.112,0.359398,0.511932,0.35253,0.647968,1.49669,5.52296,0.757973,1.3558,1.48849,15.9309,8.87205,0.48626,2.69668,0.634128,21.6327
279,0.908824,0.104527,0.315555,0.0948968,0.110138,0.438225,0.304248,0.475601,4.86235,0.419878,0.992982,1.95825,7.79763,0.580799,1.83069,0.57755,0.977309,0.455728,0.431005,0.424698,15.104,0.322237,0.503738,0.352762,0.614073,1.49312,5.9738,0.807587,1.31959,1.87119,14.5232,8.22434,0.443031,2.69104,0.609599,18.4294
280,0.850052,0.0955065,0.286951,0.0890843,0.102642,0.437109,0.300846,0.476965,5.29303,0.388294,0.906099,2.30468,6.6149,0.551853,1.71405,0.559351,0.964464,0.452126,0.401683,0.403845,12.3249,0.345775,0.509442,0.363537,0.607501,1.52006,6.41178,0.82357,1.23803,2.35363,12.9674,6.79317,0.440527,2.52851,0.656952,14.0937
281,0.865154,0.0886496,0.317111,0.082792,0.0996381,0.430462,0.397262,0.440997,4.80238,0.360691,0.673623,2.54159,4.8051,0.480008,1.79052,0.600777,1.07298,0.456128,0.42502,0.392879,8.52145,0.48494,0.559003,0.545085,0.600919,1.58834,5.95531,0.756808,0.99886,2.86417,10.9728,4.52245,0.507442,2.28398,0.75194,9.06324
282,0.787271,0.0713278,0.350464,0.0683645,0.0811794,0.383976,0.355956,0.468466,6.17029,0.30918,0.617773,2.58356,1.7658,0.626772,1.3452,0.723948,0.837753,0.446366,0.428817,0.41637,4.62944,0.566118,1.17591,1.69404,0.926693,1.83804,6.51024,0.585908,0.9858,2.61043,11.3476,2.00881,0.679141,1.48931,0.873415,3.43172
283,0.551204,0.0749434,0.358872,0.070473,0.0834411,0.271243,0.362728,0.26323,6.4437,0.327806,0.480973,2.2238,1.14581,0.491258,0.96099,0.74869,0.741729,0.423932,0.390342,0.356249,4.50611,0.324585,0.575433,0.80824,0.501767,1.40866,6.82325,0.475986,0.822398,2.23073,11.2595,1.06645,0.551652,1.2111,0.925658,2.98931
284,0.565635,0.081206,0.366514,0.0776644,0.0902546,0.284091,0.359192,0.19375,7.95836,0.353766,0.449113,2.12726,0.975405,0.436715,0.91101,0.774062,0.64894,0.467644,0.423456,0.359716,4.44807,0.349659,0.487464,0.688711,0.485233,1.3652,7.90095,0.417397,0.887179,2.27066,11.6062,0.91084,0.544114,1.1908,1.01593,2.97156
285,0.621555,0.0901282,0.409947,0.0884893,0.0990895,0.330623,0.380429,0.205346,9.9007,0.387262,0.57212,2.18925,0.903545,0.423964,0.925453,0.808554,0.668992,0.526701,0.500378,0.391287,4.44952,0.376728,0.486286,0.638556,0.560578,1.39557,9.37172,0.508444,1.08393,2.4075,12.1566,0.90927,0.526486,1.24412,1.13616,2.94166
286,0.672651,0.10129,0.461891,0.10121,0.107652,0.382249,0.407775,0.261848,11.5333,0.424126,0.748025,2.37115,0.993296,0.460109,0.931459,0.83527,0.745388,0.647621,0.635888,0.445468,4.50813,0.4661,0.550247,0.647157,0.690196,1.47428,10.9222,0.693471,1.35949,2.66187,12.7483,1.04585,0.533276,1.35169,1.27695,2.95876
287,0.766146,0.114082,0.520472,0.114388,0.116056,0.426909,0.430567,0.306582,12.7584,0.460586,0.922032,2.62742,1.20796,0.51204,0.943912,0.89627,0.886212,0.843095,0.841151,0.556125,4.61334,0.635684,0.658391,0.741697,0.862623,1.64391,12.2393,0.93918,1.62307,2.97865,13.3047,1.29986,0.552183,1.48617,1.46778,3.13772
288,0.919906,0.126914,0.581141,0.12641,0.125638,0.462358,0.441523,0.352112,13.4915,0.492162,1.08529,2.87386,1.49177,0.565542,1.01492,1.01099,1.19047,1.10572,1.08608,0.731977,4.76204,0.997804,0.86608,0.934841,1.16269,1.94704,13.0625,1.32689,1.9034,3.34183,13.7058,1.6098,0.701745,1.58489,1.82511,3.46446
289,3.29272,0.867069,1.23623,0.870456,1.21623,3.09319,1.52063,2.1002,13.31,2.20637,2.36537,3.86094,2.31615,1.3961,1.67789,2.13298,4.04752,1.95283,1.61538,1.34764,5.62086,1.9312,3.49901,1.63861,2.41727,3.06967,14.0905,2.84646,3.21043,4.17508,14.6567,2.16126,1.44916,1.7468,2.69261,4.04411
290,3.72467,1.65404,4.60214,2.65652,4.11027,4.90105,4.22198,3.44102,12.3185,3.94257,4.35463,6.16216,2.48673,2.6596,3.60872,5.46767,4.05206,3.06939,4.48331,3.2307,7.03436,4.08756,5.80287,5.00282,4.09769,5.24407,12.6723,5.06524,5.76146,6.19008,14.158,3.29699,3.02309,3.82134,5.83264,5.50944
291,6.57878,3.48945,5.68874,3.45806,5.18396,5.113,6.27035,4.46346,11.7937,4.32855,5.27882,8.57928,2.70503,6.18799,7.89028,9.28754,6.92686,4.25694,5.27922,3.87546,8.36995,5.29846,5.98397,6.58353,4.8213,6.08135,11.5388,5.12763,6.35728,8.49545,13.5185,3.01321,6.32819,7.22621,9.03015,7.75472
292,8.9958,5.68437,6.27896,7.93365,7.45922,7.26338,7.36385,6.15232,12.1171,6.49375,7.2586,10.6696,4.31188,6.80976,6.64267,9.28751,9.77821,6.40539,6.57929,8.03188,9.81164,7.49835,7.79284,7.99408,6.19315,7.87747,11.7367,6.95219,8.69202,10.4818,14.8642,4.64059,7.19821,6.07168,8.83074,7.78501
293,9.11053,5.87947,8.91355,7.19556,8.19238,8.39025,7.5594,5.53041,12.3926,6.55726,7.81949,10.7501,2.62227,7.51761,6.34953,8.4938,8.54583,6.21822,8.99068,6.02187,10.1676,7.44674,8.34761,7.43658,5.52044,7.81095,11.9824,7.37069,8.66739,10.5538,15.2067,3.03843,7.23393,6.13231,7.94051,7.08217
294,6.26917,4.78447,8.56509,5.82907,4.84983,7.51471,6.67149,4.58348,10.4905,8.21748,7.91538,9.12114,2.64733,5.69724,4.94459,7.34709,6.18895,5.12867,7.80125,5.48036,8.52932,5.29801,7.25201,6.25573,4.69903,6.96506,10.5014,7.9145,8.55915,9.27735,15.4061,2.6895,5.46455,5.45805,6.7866,6.46576
295,5.10963,4.98177,4.98945,4.47157,3.4961,5.29083,4.42009,3.50662,9.30064,4.81959,5.96625,7.07622,3.27169,4.8032,4.37132,6.34,5.05658,4.90708,4.50722,4.24151,7.30867,3.92422,5.1287,4.26614,3.48337,5.59858,9.35568,4.76067,6.68526,6.97339,13.8114,3.53453,4.50711,4.80533,6.63428,6.46411
296,1.36096,0.813461,1.37636,0.96953,0.785529,1.22023,1.3463,0.942838,10.386,1.04684,1.48219,2.86371,1.77624,1.34543,1.803,1.50695,1.71868,1.66152,1.81122,1.28997,4.78607,1.59193,1.83357,1.4523,1.57799,2.27843,10.2504,1.89745,2.13723,2.98933,12.0919,1.9295,1.33424,2.41906,2.02294,3.47811
297,0.869885,0.111093,0.496205,0.112199,0.114933,0.356042,0.362554,0.379521,11.0893,0.425949,0.861195,2.48647,1.46153,0.540161,1.06984,0.912925,1.14287,0.984945,0.785022,0.828445,4.30308,0.890948,1.13128,0.753881,0.871134,1.51626,11.0477,1.31629,1.38723,2.72026,12.4537,1.40211,0.69946,1.49349,1.51134,2.80339
298,0.791154,0.1042,0.467883,0.105603,0.105882,0.328566,0.340061,0.326994,11.4827,0.410941,0.731326,2.3811,1.23312,0.471239,0.981552,0.909365,0.970497,0.692923,0.615615,0.695937,4.20674,0.638286,0.877121,0.622262,0.708981,1.34215,11.3464,1.13778,1.08751,2.55845,12.6554,1.22994,0.561061,1.29632,1.41727,2.6222
299,0.700428,0.0953304,0.436738,0.0958861,0.0962529,0.293254,0.332832,0.322839,11.2392,0.38788,0.576278,2.18538,1.06983,0.403132,0.939584,0.935917,0.82924,0.557811,0.539696,0.607706,4.12853,0.533509,0.726086,0.573008,0.641474,1.30356,10.9296,0.899743,1.00542,2.40475,12.5504,1.09559,0.51681,1.18347,1.34737,2.56996
300,0.655808,0.0863036,0.431182,0.0846057,0.0888372,0.267885,0.348303,0.331071,10.6405,0.361324,0.468985,2.08543,1.08674,0.36347,1.0016,1.00722,0.77643,0.514367,0.505134,0.544438,4.24481,0.462202,0.638384,0.618128,0.625354,1.34594,10.0994,0.699799,1.10394,2.31762,12.4121,1.0248,0.47007,1.17232,1.3251,2.75348
301,0.665029,0.0782301,0.421581,0.0730149,0.0815421,0.23939,0.341822,0.329486,9.55206,0.329631,0.439152,2.02049,1.19422,0.357203,1.05838,1.06147,0.750537,0.473929,0.467023,0.489246,4.21033,0.411559,0.570497,0.656929,0.592052,1.34511,8.9259,0.604597,1.09662,2.12254,12.0046,1.00632,0.433663,1.19192,1.26843,2.84652
302,0.726037,0.0724955,0.430411,0.0627122,0.0746004,0.233657,0.345076,0.335325,8.39403,0.300625,0.521303,2.12633,1.36096,0.397314,1.12204,1.11803,0.766261,0.477979,0.517379,0.491722,4.27795,0.427204,0.5633,0.71782,0.60806,1.43502,7.72834,0.598646,1.1757,2.14744,11.6858,1.1752,0.472796,1.32246,1.33519,3.01746
303,0.660249,0.0669345,0.414434,0.0546737,0.0681425,0.329016,0.363851,0.446456,6.7319,0.275384,0.685379,2.32462,1.32494,0.545943,1.29876,1.26245,0.695351,0.467964,0.59326,0.455661,4.25062,0.388483,0.494558,0.590527,0.503379,1.44143,6.33727,0.606755,1.14538,2.10679,10.0355,1.19993,0.591506,1.2928,1.35739,3.01463
304,0.545822,0.0624968,0.384208,0.0516888,0.0655336,0.362074,0.334246,0.406085,6.34316,0.256493,0.791865,2.21249,1.14085,0.525265,1.16771,0.802092,0.582049,0.438494,0.566336,0.390034,4.24891,0.402624,0.45164,0.566713,0.437046,1.48159,5.85567,0.623126,1.14469,2.07991,9.50557,1.04463,0.624376,1.1007,1.28725,2.9672
305,0.537621,0.0602095,0.366343,0.0547072,0.0672905,0.40048,0.323452,0.373456,6.29071,0.25074,0.837925,2.17511,1.00894,0.519302,1.12311,0.831964,0.545357,0.387981,0.546439,0.350895,4.21568,0.410024,0.41402,0.533531,0.409787,1.54756,5.71507,0.624086,1.09905,2.09159,9.16942,0.923717,0.622613,1.04862,1.14574,2.96452
306,0.559668,0.0605612,0.355407,0.0583236,0.067446,0.414515,0.335424,0.358279,6.29524,0.253174,0.782219,2.2118,0.974831,0.499936,1.07871,0.89439,0.527332,0.339122,0.526511,0.317228,4.15675,0.397276,0.39323,0.532654,0.408609,1.55484,5.68831,0.613931,1.01904,2.16477,9.00123,0.918905,0.629737,1.06501,1.11813,2.92794
307,0.598755,0.0663662,0.346059,0.0655043,0.0670309,0.407539,0.350517,0.350386,6.52487,0.276435,0.613236,2.20812,0.985897,0.458825,0.997402,0.946869,0.53628,0.297816,0.524965,0.279406,4.128,0.443537,0.38025,0.500695,0.389702,1.60751,5.79995,0.640504,0.89387,2.18165,8.99504,0.933583,0.684112,1.12315,1.06246,2.96874
308,0.642119,0.0731402,0.385504,0.0686774,0.065099,0.397111,0.384077,0.377241,6.94061,0.295573,0.580657,2.24671,1.07332,0.544392,1.00738,0.999608,0.573826,0.290317,0.611783,0.263264,4.23587,0.581117,0.530545,0.612386,0.405553,1.7025,6.13127,0.685609,0.890104,2.19333,9.13588,0.980186,0.829656,1.28332,1.08363,3.07112
309,0.937206,0.0808227,1.44473,0.0684768,1.00941,1.25631,1.56304,0.795541,8.20282,1.48966,0.873881,2.34195,1.63235,1.03921,2.12251,1.75109,0.786798,0.284121,0.921099,0.235175,4.28643,0.714872,0.974031,0.982926,0.614696,1.85787,7.35032,0.947135,0.889377,2.0303,8.97393,1.13045,1.03947,2.41791,1.3754,3.35546
310,1.0856,0.0872765,1.25692,0.0662807,0.359883,0.715394,0.863933,0.673398,6.26887,0.750773,0.901517,2.02029,1.60887,0.807652,1.4276,1.37301,0.785355,0.287873,0.801568,0.234254,3.97335,0.502748,0.666154,0.7844,0.496145,1.66514,5.71765,0.810365,0.890701,1.85808,8.65359,1.20943,0.77928,1.62961,0.975187,3.02032
311,0.658337,0.0939038,0.672162,0.06807,0.0654037,0.33564,0.832659,0.295309,5.95391,0.290014,0.712491,1.60322,1.43084,0.648171,1.14224,1.04595,0.651484,0.296777,0.820676,0.236066,3.8636,0.395609,0.432327,0.66106,0.447834,1.55049,5.37724,0.822455,0.920272,1.86456,8.48867,1.29217,0.679501,1.33874,0.910311,2.90528
312,0.672165,0.0988007,0.87357,0.0720805,0.0712816,0.289589,0.951078,0.35065,6.07936,0.290304,0.91315,1.67723,1.42452,0.864111,1.4082,1.07877,0.576674,0.285763,0.971066,0.255088,3.88739,0.384691,0.397237,0.729815,0.488561,1.59995,5.69297,0.839261,1.09902,1.7632,8.78805,1.23717,0.681297,1.40956,1.01499,2.94621
313,1.25863,0.104425,1.34464,0.0789852,0.0789051,0.320794,1.25707,0.588785,6.15448,0.303878,1.55767,2.07703,1.38715,0.914225,1.96841,1.54558,0.631209,0.298953,1.03656,0.216987,3.86391,0.453639,0.362275,0.979126,0.500738,1.67097,5.73335,0.877442,1.22042,1.78868,8.84669,1.15085,0.843931,1.61878,1.05408,2.95343
314,0.971875,0.104466,1.07982,0.0842364,0.0839165,0.273832,0.941823,0.485582,5.94885,0.314781,2.54568,1.65263,1.38064,0.806811,1.64724,1.37328,0.809828,0.415881,1.13502,0.205407,3.81302,0.497475,0.436379,1.00946,0.457288,1.69948,5.79327,0.962113,2.28294,2.00904,9.31229,1.23961,1.07345,1.69249,1.00043,3.03788
315,1.41339,0.106579,1.35197,0.0923776,0.0912242,0.412,1.05402,0.550081,5.58008,0.33251,1.48715,1.93378,1.54611,0.855296,1.48665,1.45641,0.930265,0.474863,1.11304,0.199611,3.69219,0.543975,0.487021,0.976223,0.446623,1.7406,5.57727,0.890869,1.34838,3.31979,9.40435,1.1928,0.88974,1.46699,0.959061,2.97694
316,1.47534,0.113258,1.27805,0.0998354,0.0970261,0.502102,0.962793,0.613412,5.19137,0.353855,1.17258,1.71733,1.55253,0.858236,1.43358,1.27319,0.962729,0.546864,1.07103,0.204662,3.74366,0.564512,0.666482,0.974371,0.469581,1.80515,5.53631,1.02023,1.03316,2.14865,9.45927,1.20227,0.765815,1.54545,0.918486,3.06505
317,1.60363,0.616727,1.46369,0.107953,0.101821,1.20837,0.964095,0.71195,4.69665,1.09917,1.3745,2.01572,1.73137,1.43942,2.04524,1.19281,1.33544,0.49375,1.25846,0.246879,3.74698,0.474645,1.04829,0.965448,0.410881,1.87196,5.12395,1.34432,1.09249,1.93306,9.10956,1.53624,0.87199,1.82253,1.06866,3.07679
318,1.7319,0.267482,1.3615,0.115619,0.107303,0.954016,0.897411,0.578737,3.87982,0.452448,1.41631,1.81988,1.85445,1.63668,2.30592,0.965582,1.39254,0.524023,1.43185,0.295843,3.91067,0.479295,0.963797,0.988148,0.410519,1.86738,4.82239,0.986258,1.09821,1.65452,8.73245,1.67972,1.07882,2.06173,1.08089,3.29181
319,1.91686,0.15021,1.70933,0.122215,0.113058,0.691785,0.886623,0.528362,3.52904,0.418833,1.59693,1.84516,2.05455,1.9517,2.83426,0.978726,1.44827,0.602189,1.65968,0.358451,4.02974,0.470547,0.973509,0.986508,0.400045,1.84065,4.39171,0.998166,1.21238,1.85189,7.77362,1.8589,1.25425,2.26785,1.09704,3.39331
320,2.06753,0.162174,2.17226,0.128849,0.121417,0.898679,0.914403,0.524084,3.62565,0.441095,1.80958,2.00816,2.26583,2.15314,3.24777,1.19631,1.49683,0.564287,1.91463,0.417362,4.06032,0.454993,1.06339,0.964831,0.389122,1.77727,4.26013,1.04937,1.40629,2.34808,6.84201,1.96972,1.51885,2.42047,1.09779,3.31829
321,2.49373,0.171659,2.60943,0.135112,0.130261,1.17099,0.978388,0.574079,4.23827,0.468152,2.21268,2.29791,2.6005,2.48232,3.66971,1.5307,1.86662,0.53278,2.21369,0.478922,4.12805,0.456304,1.25848,0.993801,0.40466,1.8508,4.95175,1.15604,1.77758,2.79519,7.32688,2.13588,1.9113,2.68685,1.20725,3.33504