secondary_structure,eternafold node7,reactivity_based node7,manual node7,rnastructure node7,eternafold node1,reactivity_based node1,manual node1,rnastructure node1,manual node1
modeling,auto-DRRAFTER,auto-DRRAFTER,auto-DRRAFTER,auto-DRRAFTER,auto-DRRAFTER,auto-DRRAFTER,auto-DRRAFTER,auto-DRRAFTER,auto-DRRAFTER and ERRASER
score,convergence,convergence,convergence,convergence,convergence,convergence,convergence,convergence,convergence
153,4.87918,2.66252,1.03934,47.7648,47.7648,35.0762,26.4445,3.69321,0.856562
154,3.87885,2.79073,1.0636,45.0379,45.0379,32.9118,25.8015,3.33888,0.840684
155,3.23251,2.82243,1.10624,42.1811,42.1811,30.4919,24.7198,3.07858,0.896897
156,6.59763,2.59322,1.17465,40.0083,40.0083,28.0026,22.965,2.97024,1.00576
157,2.85165,7.24271,1.59473,37.7702,37.7702,28.5308,21.8707,4.36244,1.25259
158,2.3724,1.76214,1.82265,34.7603,34.7603,25.4304,19.0399,3.95992,1.29698
159,6.90164,0.957827,5.51382,30.3817,30.3817,23.0767,17.3985,6.26159,5.57334
160,1.19641,0.945538,1.54563,27.7748,27.7748,21.1152,13.9276,2.73145,1.95799
161,0.248788,0.932237,0.931211,25.9333,25.9333,18.8266,11.2126,2.12585,1.51805
162,0.240527,0.975773,0.937545,25.0253,25.0253,17.608,9.4619,1.97747,1.49173
163,0.222279,1.02083,0.951771,23.2186,23.2186,17.7703,9.0066,1.63021,1.44743
164,0.207283,1.07679,0.24516,19.8745,19.8745,16.6513,8.57614,1.60008,1.34812
165,0.195671,1.03042,0.223341,16.1436,16.1436,15.5584,7.78351,1.55051,1.28217
166,0.191017,0.861901,0.200482,13.1545,13.1545,14.5751,5.84359,1.49257,1.53475
167,4.41612,3.93225,5.2583,12.9134,12.9134,15.2458,5.03859,4.48559,5.43222
168,0.875264,1.75502,1.03648,15.0665,15.0665,15.5966,1.70288,2.64336,1.72184
169,0.193703,1.24943,0.149988,15.6214,15.6214,14.4633,1.28638,2.44897,1.23145
170,6.18949,2.84929,0.137223,17.9297,17.9297,13.8507,1.38015,5.73365,0.893921
171,1.02537,1.78381,0.129296,16.7819,16.7819,11.1344,1.56349,3.75083,0.771862
172,0.205667,1.40444,0.126686,14.4252,14.4252,9.03195,1.73943,3.37146,0.691022
173,0.196938,1.51595,1.1676,13.3738,13.3738,9.39169,7.18721,3.06785,0.655663
174,0.185493,6.37171,0.757637,15.2099,15.2099,15.0303,3.46564,3.05717,0.635567
175,5.25007,9.46372,0.138464,20.3349,20.3349,13.9559,2.88109,2.23738,0.76434
176,9.00998,11.3006,0.140728,23.248,23.248,12.887,2.82101,1.97349,0.806605
177,11.9101,15.0357,0.38831,24.1914,24.1914,12.6214,5.73988,1.97363,0.877835
178,13.5792,14.6098,0.984891,25.4818,25.4818,11.7811,5.93298,1.76391,1.09299
179,11.4076,12.7389,2.05417,26.5318,26.5318,10.428,7.34836,1.7605,2.04449
180,8.22994,10.9654,2.38796,26.0061,26.0061,11.1076,3.87162,2.10239,1.99429
181,6.2426,5.65609,0.918606,28.2733,28.2733,10.8837,1.90498,1.83859,1.02332
182,0.963762,1.98429,0.429879,27.7569,27.7569,11.881,0.445549,1.42284,0.471036
183,0.189697,1.20281,0.135756,30.6381,30.6381,13.1764,4.17E-05,1.0281,3.76E-01
184,0.199616,1.20057,0.144371,34.0433,34.0433,14.4986,0,1.01057,0.35101
185,0.211473,1.20952,0.153482,38.026,38.026,16.3581,0,1.0056,0.364788
186,0.224322,1.17598,0.161229,41.6057,41.6057,18.2891,0,0.980583,0.350317
187,0.236032,1.18199,0.167521,44.8998,44.8998,20.2563,0,0.99927,0.366047
188,0.244054,1.20988,0.172548,47.8504,47.8504,21.9716,8.94E-05,1.02479,4.48E-01
189,0.245986,1.20313,0.177357,49.8905,49.8905,23.0606,0.000233162,1.00806,0.532763
190,0.248953,1.23433,0.186354,52.8566,52.8566,24.6123,0.0002,1.03889,0.627029
191,0.248682,1.19398,0.196938,55.542,55.542,26.0388,0.000637168,1.03333,0.75812
192,1.27803,1.45523,0.59463,59.5713,59.5713,28.2785,0.000386983,1.12288,1.58036
193,3.23198,2.24858,2.98864,65.1245,65.1245,30.2666,0.000386983,1.12318,3.37101
194,4.40467,2.90528,5.00506,71.7415,71.7415,33.1427,0.000492203,1.13471,5.02609
195,4.17418,2.35988,4.82491,68.4821,68.4821,30.8734,0.000382086,1.20999,5.30711
196,1.7521,2.75599,6.11928,62.9917,62.9917,28.8434,0.000326052,1.20353,5.99769
197,1.0253,2.05341,1.36066,58.6005,58.6005,26.6627,0.000293421,1.07391,1.35365
198,0.372736,1.41798,0.252266,53.4179,53.4179,24.6085,0.000491605,1.02529,0.64358
199,0.226388,1.1382,0.180088,48.8986,48.8986,22.7632,0.000359171,0.983728,0.482522
200,0.220113,1.18195,0.168582,44.7523,44.7523,20.6724,0.000332336,1.00372,0.410336
201,0.220692,1.15254,0.159075,41.7197,41.7197,18.9011,0.0002,0.961532,0.376946
202,0.221388,1.09973,0.152452,39.1923,39.1923,17.4785,0.000190693,0.931128,0.337494
203,0.224209,1.10488,0.151512,37.8519,37.8519,16.8781,0.000131876,0.986238,0.314215
204,0.220193,1.10501,0.14942,35.1516,35.1516,15.5203,0,1.00453,0.312989
205,0.211924,1.10991,0.145252,31.3763,31.3763,13.4223,0,1.00371,0.347612
206,0.1998,1.09626,0.138341,27.1223,27.1223,10.8189,0,0.972429,0.410407
207,0.185981,1.16763,0.130069,23.4008,23.4008,8.67954,0,1.02684,0.503118
208,1.64741,3.22796,0.592802,18.2738,18.2738,8.20452,1.42089,1.85468,0.740983
209,5.45903,6.25812,0.982898,11.5169,11.5169,7.48599,3.99189,2.61328,0.981945
210,1.22524,1.54433,0.944795,6.88931,6.88931,1.39788,4.2034,2.5916,0.838074
211,0.148753,0.960816,0.752806,7.48205,7.48205,0.206087,6.90028,2.65486,0.815676
212,0.145669,0.867601,0.282778,9.37712,9.37712,0.203771,5.25317,2.53721,0.706199
213,0.141892,0.838251,0.144245,9.77982,9.77982,0.22974,4.47936,2.82102,0.655877
214,0.139854,0.864806,0.148865,8.74087,8.74087,0.278969,4.18591,3.4074,0.838407
215,0.141842,0.917815,4.05945,8.48789,8.48789,0.31263,6.74528,6.74279,2.89536
216,4.63411,0.930899,2.08013,11.5055,11.5055,0.339906,7.8035,8.10697,1.65879
217,6.04043,2.09138,0.415159,13.3253,13.3253,3.15023,2.40912,6.07568,1.16666
218,5.29905,3.66678,0.143146,15.4749,15.4749,5.06966,1.52629,3.37195,0.975375
219,4.25505,4.50171,0.142366,16.0692,16.0692,7.18712,1.42401,2.83035,0.899734
220,0.668351,5.13623,0.143422,15.0253,15.0253,8.75367,1.42202,2.45025,0.850613
221,0.154679,5.5225,0.150316,15.9924,15.9924,9.22536,1.47975,2.23986,1.03596
222,4.23274,4.49089,0.773282,16.8879,16.8879,7.77278,5.40211,2.43996,1.46917
223,3.24533,4.43913,1.49131,18.0045,18.0045,7.44986,10.6698,3.31081,1.73639
224,2.61296,5.161,2.05192,18.1895,18.1895,5.29956,10.7216,3.33903,1.28037
225,0.530881,1.53587,1.19498,20.7895,20.7895,1.76293,6.88338,3.03908,1.05053
226,0.165676,1.07822,0.190684,23.7184,23.7184,1.26796,6.51486,2.66763,0.922173
227,0.172453,1.20101,0.190468,26.247,26.247,1.1495,6.75206,2.80691,0.792336
228,0.180364,1.18952,0.192278,28.9229,28.9229,0.357936,6.93681,3.04078,0.783795
229,0.188126,1.03194,0.191691,31.189,31.189,0.000873798,6.95561,3.10154,0.740876
230,0.194153,1.04436,0.195691,33.7454,33.7454,0.00087583,7.10917,3.16828,0.695813
231,0.19759,1.04772,0.202361,35.9736,35.9736,0.00100241,7.09492,3.0202,0.68037
232,0.199707,1.08244,1.03658,37.8019,37.8019,0.00100738,7.42936,3.24832,0.946515
233,0.376972,1.44014,2.34237,39.9352,39.9352,0.0011257,7.10452,5.00384,1.90542
234,0.337824,2.95187,5.41244,41.3252,41.3252,0.00128365,7.29132,8.89772,4.97825
235,0.294595,3.85475,4.85208,42.7324,42.7324,0.00117416,7.76381,10.3367,4.97146
236,0.432965,4.12158,3.36768,39.6954,39.6954,0.0011771,7.27288,9.3608,2.66912
237,0.28348,1.37455,2.2986,36.5122,36.5122,0.00101688,6.48445,7.48506,2.07878
238,0.264859,1.13961,1.37944,33.2481,33.2481,0.000835007,6.38294,6.95139,1.41858
239,0.185274,0.988959,0.305545,31.2831,31.2831,0.000720389,6.33851,2.66848,0.752576
240,0.184998,0.990669,0.188609,29.9641,29.9641,0.000850177,6.40074,2.1123,0.638813
241,0.184213,0.986946,0.177917,28.58,28.58,0.000858762,6.55195,2.27928,0.650843
242,0.181619,0.972127,0.172288,26.6837,26.6837,0.000884378,6.58498,2.45202,0.685136
243,0.176663,1.28616,0.16813,23.889,23.889,0.789032,6.63701,2.47406,0.719403
244,0.169046,1.36023,0.171397,21.3629,21.3629,0.916924,6.69831,2.48977,0.775117
245,0.161465,1.29756,0.174836,18.9996,18.9996,1.10128,7.05907,2.64264,0.857979
246,5.38896,2.28038,0.413813,16.4204,16.4204,1.47196,7.68931,2.74919,0.96312
247,5.70378,3.94461,1.28662,12.1319,12.1319,1.85854,10.9593,2.89115,1.32974
248,0.709762,4.88257,1.59535,9.31517,9.31517,1.89342,12.5011,2.73013,1.85869
249,0.155398,1.58439,4.9002,8.45603,8.45603,0.608113,13.2258,2.41191,5.36942
250,0.146823,1.0628,4.53245,7.33812,7.33812,0.365927,13.1091,2.5971,4.34263
251,0.141914,1.04268,3.39842,5.31951,5.31951,0.379285,12.5042,3.10215,3.05103
252,0.138045,0.966167,3.94156,5.5122,5.5122,0.363172,13.7546,7.76091,3.72563
253,0.137959,0.885992,3.90595,8.18485,8.18485,0.337984,14.8925,6.60437,3.97116
254,0.140743,0.782475,3.93364,11.0007,11.0007,0.301535,15.8729,5.88323,4.18877
255,0.145628,0.726797,3.00357,13.0104,13.0104,0.256886,16.0955,4.58293,3.32482
256,0.155107,0.615298,0.88786,15.0081,15.0081,0.416475,16.0247,1.97977,1.79145
257,0.158575,0.590362,0.25193,16.6414,16.6414,0.456099,17.8435,1.61368,1.35425
258,0.157353,0.550164,0.251765,18.1291,18.1291,0.501103,20.4763,1.50008,1.34514
259,0.154409,0.520275,0.254752,20.5427,20.5427,0.494728,23.0577,1.44941,1.33123
260,0.151748,0.498748,0.261137,23.8858,23.8858,0.492909,25.6186,1.47692,1.25132
261,0.151251,0.501744,0.271653,27.8396,27.8396,0.525102,27.7502,1.58905,1.19583
262,0.155125,0.897498,1.16086,32.0037,32.0037,1.10473,30.4093,1.77309,1.80366
263,0.162623,3.02643,4.01634,35.6382,35.6382,3.95737,33.9341,2.79267,4.96742
264,0.179457,4.01827,5.27644,39.6142,39.6142,5.79302,33.5129,4.58448,4.89408
265,0.175202,3.62898,3.10882,36.1454,36.1454,5.98602,30.383,4.26396,3.10876
266,0.167244,1.90217,1.99505,33.1246,33.1246,4.36149,27.338,4.47131,1.73631
267,0.158246,1.09111,1.22558,29.9767,29.9767,1.44439,25.5649,3.91812,1.2377
268,0.14936,0.728132,0.376024,27.9379,27.9379,0.744486,24.5261,1.96268,0.939182
269,0.143313,0.632478,0.252841,26.1281,26.1281,0.585168,23.4491,1.49606,0.942597
270,0.141782,0.601832,0.236634,23.4441,23.4441,0.682218,21.8666,1.4979,0.955674
271,0.143727,0.560391,0.22381,19.7073,19.7073,0.761807,20.0207,1.68165,1.06275
272,0.148741,0.530614,0.218329,15.4512,15.4512,0.786584,17.9002,1.83958,1.28255
273,0.152733,0.549966,0.21268,12.2755,12.2755,0.822739,15.6778,1.99823,1.54227
274,0.166531,0.870192,1.64991,10.5239,10.5239,4.38164,13.2205,2.59613,2.37502
275,0.175227,1.19452,4.09182,9.44391,9.44391,6.42944,11.2945,2.7546,4.83009
276,0.186833,1.52728,3.82031,10.4407,10.4407,7.73305,8.97119,3.18013,4.18237
277,0.200862,3.00901,3.95735,11.9835,11.9835,10.5764,9.347,3.89642,4.28231
278,0.211791,1.43395,3.23172,13.858,13.858,10.9461,10.7878,2.52976,3.80213
279,0.218059,0.725906,1.5247,16.6768,16.6768,14.0528,10.0526,2.17196,2.3326
280,0.218615,0.593554,0.283804,18.6823,18.6823,16.5033,9.94593,2.06635,1.55922
281,0.214949,0.615236,0.198364,20.3253,20.3253,17.9947,9.95189,1.70764,1.21688
282,0.214699,0.716005,0.21101,22.2034,22.2034,19.5797,11.0954,1.57207,1.01231
283,0.220515,0.75786,0.228505,25.0351,25.0351,21.4165,12.9786,1.54607,0.912888
284,2.36462,0.75155,0.671667,29.3827,29.3827,22.6198,17.4652,5.87393,1.3353
285,0.936126,0.723586,0.932611,31.6109,31.6109,23.5297,15.9361,2.79511,1.16819
286,0.262156,0.682168,0.845973,33.9392,33.9392,24.6475,15.9237,2.69549,1.01638
287,0.272712,0.86281,0.994104,34.8189,34.8189,25.7745,15.823,2.82365,1.18854
288,1.04198,1.02571,1.38695,36.0985,36.0985,26.6837,18.1666,3.05101,1.28913
289,1.49187,1.5047,1.21726,38.8561,38.8561,28.85,21.5818,2.9554,1.2105
290,2.72829,2.11763,1.24449,42.6668,42.6668,30.7722,24.8242,2.90382,1.08606
291,4.15858,2.76683,1.26093,46.5488,46.5488,33.4704,27.6669,2.86818,0.962065
292,5.55185,3.23436,1.2821,50.2205,50.2205,36.3578,29.8633,3.09652,0.939306