conformation,conf1,conf1,conf1,conf2,conf2,conf2,conf3,conf3,conf3,conf1,conf1,conf1,conf1,conf2,conf2,conf2,conf2,conf3,conf3,conf3,conf3
secondary_structure,icSHAPE_eternafold,libraryDMS,librarySHAPE,icSHAPE_eternafold,libraryDMS,librarySHAPE,icSHAPE_eternafold,libraryDMS,librarySHAPE,icSHAPE_eternafold,libraryDMS,librarySHAPE,all,icSHAPE_eternafold,libraryDMS,librarySHAPE,all,icSHAPE_eternafold,libraryDMS,librarySHAPE,all
modeling,auto-DRRAFTER,auto-DRRAFTER,auto-DRRAFTER,auto-DRRAFTER,auto-DRRAFTER,auto-DRRAFTER,auto-DRRAFTER,auto-DRRAFTER,auto-DRRAFTER,auto-DRRAFTER and ERRASER,auto-DRRAFTER and ERRASER,auto-DRRAFTER and ERRASER,auto-DRRAFTER and ERRASER,auto-DRRAFTER and ERRASER,auto-DRRAFTER and ERRASER,auto-DRRAFTER and ERRASER,auto-DRRAFTER and ERRASER,auto-DRRAFTER and ERRASER,auto-DRRAFTER and ERRASER,auto-DRRAFTER and ERRASER,auto-DRRAFTER and ERRASER
score,convergence,convergence,convergence,convergence,convergence,convergence,convergence,convergence,convergence,convergence,convergence,convergence,convergence,convergence,convergence,convergence,convergence,convergence,convergence,convergence,convergence
205,1.82088,0.253761,0.289226,1.17382,0.416046,0.313503,0.133924,0.928875,0.90404,1.34191,0.880389,0.579957,1.14143,0.972594,0.320557,0.448516,0.958679,0.69499,1.08018,1.07893,0.997666
206,1.75925,0.25207,0.292989,1.16838,0.411979,0.319979,0.129071,0.9167,0.942266,1.30463,0.77154,0.524534,1.08616,0.966648,0.310092,0.427714,0.937738,0.647826,1.06732,1.0767,0.977342
207,1.66462,0.2586,0.283854,1.13212,0.401388,0.309056,0.12348,0.906243,0.959474,1.38127,0.787848,0.533842,1.1366,1.01884,0.340588,0.438251,0.976135,0.651621,1.0737,1.12217,0.995498
208,1.54517,0.270346,0.269831,1.11631,0.384723,0.281449,0.116866,0.890602,0.955908,1.48658,0.879949,0.618592,1.20556,1.08153,0.380733,0.464023,1.03681,0.692956,1.11025,1.19316,1.05315
209,1.55398,0.279596,0.266144,1.18216,0.375981,0.258425,0.110959,0.914449,0.988399,1.63169,1.0207,0.737456,1.31042,1.1716,0.45993,0.534218,1.15755,0.778271,1.21408,1.31424,1.17267
210,1.62009,0.283434,0.269521,1.30919,0.355985,0.234336,0.106501,0.920584,1.04408,1.76132,1.15876,0.831086,1.44292,1.26211,0.652668,0.642608,1.30937,0.858447,1.31281,1.4317,1.30562
211,1.77018,0.279335,0.281213,1.47811,0.342439,0.231714,0.103429,0.991475,1.15998,2.2923,1.45018,1.18779,1.8626,1.59701,1.50447,1.06982,1.80975,1.27629,1.6893,2.04765,1.87878
212,4.17739,1.97041,4.78001,4.57524,2.92824,4.55182,4.72109,2.75628,4.1547,3.93987,2.92324,5.77933,4.64135,4.67336,2.97369,4.91671,4.69103,4.33305,2.84678,4.60374,4.14763
213,5.64114,5.02731,5.82775,7.5395,3.45431,5.52513,4.17388,2.58979,5.56396,5.07808,5.66678,5.57447,5.96699,6.47179,3.22787,5.08401,5.77342,4.19176,2.43548,5.5226,4.32676
214,2.28758,2.97868,0.972684,2.45253,2.38887,1.00996,0.535044,2.81679,1.58892,2.07055,4.45544,1.22345,3.09214,2.71832,2.98157,1.33788,2.59063,1.34228,2.52994,2.41798,2.26374
215,1.55991,2.40789,0.296079,1.76999,1.79196,0.364545,0.103287,2.23064,0.820946,1.65308,2.62974,0.680569,2.22213,1.78122,1.7045,0.809211,1.6934,1.02283,2.24232,1.64107,1.75682
216,6.78201,6.26588,1.41444,6.05647,5.54298,0.817962,1.51621,6.44473,5.28245,6.36486,6.41563,0.917316,6.00804,6.17687,5.59885,0.924448,4.96967,1.38766,5.77233,4.78556,5.26584
217,2.38677,1.30081,0.545486,1.94558,1.84454,0.580003,1.03546,1.68423,2.06351,2.19187,1.8439,0.626914,1.91947,1.74715,1.90626,0.672939,1.64431,1.20843,2.02818,2.32217,2.15194
218,1.94297,0.394238,0.335394,1.34722,0.869549,0.277398,0.106681,0.86874,1.12759,1.67083,1.12434,0.389498,1.50264,1.22659,1.18259,0.572827,1.15588,1.11648,1.34299,1.29184,1.51017
219,1.87595,0.439354,0.333783,1.30752,0.845775,0.268459,0.110045,0.742373,1.12791,1.5736,1.02306,0.381177,1.3354,1.02745,0.933998,0.543357,0.914699,1.29474,1.01978,1.17226,1.32061
220,2.0139,0.730112,0.379194,2.05855,1.10792,0.271183,2.3426,2.38814,1.5277,1.65641,0.876191,0.306314,1.24147,1.04288,0.972502,0.672778,0.948943,3.9289,2.05705,1.30355,2.56418
221,2.85776,0.562984,0.31987,3.48468,2.73363,0.430841,2.30587,2.05485,2.53317,2.9995,0.815073,0.262735,1.71818,3.05844,2.87326,0.777908,2.3074,1.90155,1.35391,2.44492,1.95124
222,1.04495,0.372883,0.276021,1.04081,0.471078,0.431633,0.779825,1.402,0.613319,0.871368,0.729098,0.252397,0.946062,1.0413,0.955276,0.837358,1.04189,1.24634,1.19145,0.983454,1.17188
223,0.759208,0.292741,0.260856,0.458201,0.24267,0.236578,0.116543,0.704358,0.467765,0.66791,0.719304,0.250342,0.894007,0.670519,0.815015,0.599312,0.75315,0.937001,1.03904,0.749239,0.930652
224,0.699592,0.283998,0.243553,0.42743,0.180472,0.169281,0.119823,0.659092,0.454201,0.623161,0.663244,0.256653,0.866923,0.596137,0.764208,0.41026,0.676351,0.740264,0.901317,0.620621,0.792692
225,0.661224,0.290783,0.263936,0.425719,0.153936,0.154413,0.12543,0.68664,0.433165,0.590568,0.641051,0.271127,0.882485,0.607821,0.774532,0.416387,0.711854,0.660485,0.844297,0.660247,0.772391
226,0.664726,0.362007,0.271137,0.433059,0.175573,0.243299,0.129319,0.760807,0.406322,0.728102,0.659264,0.315183,0.910232,0.591748,0.73696,0.447328,0.70388,0.584714,0.838551,0.680705,0.762718
227,0.754052,0.435018,0.283769,0.452121,0.184469,0.330851,0.134511,0.865164,0.444061,1.0467,0.736216,0.439924,1.05659,0.909261,0.873545,0.563523,0.901405,0.621802,1.02954,1.00873,0.979237
228,1.45749,0.563685,0.370736,1.03929,0.386581,0.359974,0.151786,1.20215,0.435642,1.50887,0.938676,0.782187,1.32421,1.48851,1.22348,0.878953,1.38435,0.896696,1.29879,1.13231,1.34004
229,1.35884,0.549268,0.232661,1.06257,0.503669,0.231661,0.15872,1.39689,0.60653,1.22943,0.922879,0.642962,1.10101,1.04595,0.837219,0.7675,1.02405,0.629136,1.43423,0.870135,1.16023
230,1.55047,0.668378,0.237671,1.22811,0.773163,0.246572,0.170415,1.97389,0.804295,1.34448,0.997999,0.844515,1.29788,1.04876,1.07276,0.7749,1.16151,0.758385,1.84927,1.54794,1.54941
231,1.98133,0.851909,1.75651,1.63525,1.20606,2.31327,0.18443,2.85884,2.39122,1.76736,1.16977,1.86002,1.83222,1.45079,1.63072,1.66299,1.90934,0.958059,2.88553,2.28792,2.19335
232,1.49362,0.765829,0.721916,1.47482,0.69046,0.836353,0.208322,2.41274,1.19721,1.37399,1.00166,1.33937,1.44436,1.15716,1.85258,1.20831,1.60977,1.20108,3.55992,2.37863,2.6016
233,1.30035,0.666687,0.413329,1.07202,0.378999,0.441233,0.220714,1.94044,0.551956,1.20943,0.947851,1.10176,1.23284,1.01872,1.34997,0.917724,1.29614,1.18087,2.66002,1.95274,2.20859
234,1.15457,0.667738,0.343267,0.876603,0.290083,0.387451,0.236364,1.76346,0.506605,1.14383,0.925853,1.02937,1.16593,1.01724,0.863752,0.837509,1.14497,1.23139,1.90907,1.47562,1.92807
235,1.07401,0.714136,0.345108,0.80104,0.246639,0.320043,0.245708,1.92978,0.523562,1.1676,1.00092,0.975191,1.18043,1.05622,0.73408,0.769266,1.13849,1.14359,1.76955,1.19384,1.86317
236,1.12246,0.762916,0.396852,0.948419,0.253546,0.296338,0.250493,2.34934,0.603969,1.26739,1.25173,1.12419,1.3929,1.05942,0.927574,0.890879,1.26434,1.12579,2.52471,1.10193,2.17712
237,1.53905,2.37929,3.56233,1.48805,2.44882,2.40262,2.63251,5.11001,1.17485,1.6858,2.71046,4.14598,3.26482,1.43014,2.78295,2.58607,2.44988,2.89254,5.18565,1.63269,3.77726
238,5.44822,5.27597,5.21067,5.67206,4.93064,3.62924,4.89167,6.00617,4.29175,6.11158,5.41337,5.89171,6.73534,6.57972,5.0878,3.85949,6.37474,4.84506,6.55019,3.98634,5.8372
239,1.85759,6.79166,0.738218,1.68293,6.44701,0.577568,0.643353,6.40821,1.22882,2.36152,6.4527,1.25844,5.45796,1.89481,7.03562,1.33106,4.57047,1.74758,6.11724,1.88608,4.284
240,1.3596,6.47055,0.372118,1.56178,4.21008,0.37261,0.222555,4.11747,0.781019,1.69347,5.95867,0.825244,5.23418,1.36158,4.37661,0.995069,3.96975,1.16074,3.61588,1.44991,3.80533
241,1.38233,1.72768,0.394279,1.72887,0.932443,0.395014,0.224275,2.48552,0.889702,1.66167,2.42659,0.868199,4.47383,1.4403,1.74414,1.63122,3.73725,1.07313,2.59921,1.29722,3.62055
242,6.08948,1.15625,0.700255,2.16774,0.377592,5.37586,4.90562,2.35485,2.51569,5.79926,1.99263,1.17355,6.48847,1.98463,1.41851,6.16541,5.65344,4.81934,2.52905,2.67472,5.52268
243,2.72754,1.09696,0.555565,1.69798,0.311916,1.46346,0.678248,2.82927,1.4196,2.85478,1.98036,1.09346,4.64176,1.44746,1.61239,1.8303,3.52853,1.63552,3.10189,1.66822,3.66576
244,2.24724,1.39484,0.575258,1.25641,0.296001,0.768332,0.257416,3.18166,1.17482,2.64964,1.80229,1.17429,4.24524,1.31115,1.71673,1.3297,3.06605,1.52369,3.37819,1.515,3.15351
245,2.0179,1.1193,0.580236,1.18242,0.385172,0.764335,0.273838,3.31193,1.1294,2.75599,1.78414,1.24478,3.90763,1.25717,1.74549,1.43326,2.83199,1.50152,3.45832,1.54476,2.90517
246,5.04602,2.38922,2.3903,1.54581,1.84759,2.26571,1.99768,3.30254,1.75279,4.83571,2.52938,2.15926,4.71261,1.22256,2.79869,2.39013,3.32662,2.9005,3.0881,1.69147,3.31855
247,6.21463,4.98497,3.90852,2.19479,3.16188,3.1639,4.20838,3.19117,3.13122,5.84974,4.99239,3.5723,5.43076,1.25803,3.30757,3.31561,3.6648,4.65623,3.05118,2.63812,4.33751
248,6.3454,7.42632,7.29762,2.82955,6.35644,5.24559,6.97675,4.1647,4.82974,6.5818,6.94913,7.28144,7.15493,1.22276,5.907,5.38773,5.24422,5.88168,3.99717,4.03169,5.37586
249,7.70895,5.72309,6.15888,2.58054,6.42468,5.30982,6.01616,4.8804,4.50281,8.01239,5.11569,6.14076,6.83108,1.14189,5.79314,5.59748,4.80021,5.74619,4.50832,4.63941,6.16137
250,6.99849,4.99713,5.36852,2.32726,4.23296,4.11781,4.60162,4.56202,4.5593,7.4962,4.95115,5.12655,6.30196,1.4135,3.67317,3.98568,3.71364,4.13929,3.91807,3.91578,4.3163
251,6.52107,3.93738,5.11694,2.06585,2.60006,2.87128,2.76908,3.61686,3.34422,6.55374,3.59651,4.76302,5.8969,1.34293,2.46742,2.93419,2.9253,2.65159,3.31468,3.19175,3.57377
252,2.16048,1.94473,0.977313,1.54185,0.873198,0.985697,0.850376,3.22786,1.49571,2.67904,2.2038,1.5067,2.91392,1.25065,1.52124,1.635,1.99676,1.37516,2.96552,1.79269,2.73474
253,1.49584,1.55422,0.386882,1.07596,0.529947,0.490769,0.264597,3.63607,1.13238,1.70982,2.03333,1.04129,2.37672,1.21025,1.3255,1.10407,1.54702,1.33393,3.30309,1.40173,2.38522
254,1.61611,3.20702,0.466201,1.28596,1.31688,0.51564,0.257005,4.45243,1.19382,1.5727,3.77396,0.892794,2.6116,1.09099,2.85168,1.0769,1.94544,1.36557,4.48028,1.42787,2.90082
255,1.58521,1.39475,0.343046,1.54812,0.730489,0.527858,0.243074,3.2609,0.900845,1.33952,2.14699,0.714612,1.73634,1.08849,1.32198,1.03854,1.5206,1.3244,2.91977,1.23609,2.24199
256,1.15419,1.17686,0.29804,1.08729,0.636764,0.302317,0.225839,2.80314,0.569503,1.34077,1.74617,0.587317,1.48355,0.945675,1.1614,0.772709,1.31022,1.20724,2.42535,0.920583,1.9174
257,1.14997,1.12877,0.323977,1.0674,0.585539,0.264455,0.210194,2.26442,0.535606,1.32217,1.55254,0.663003,1.36745,0.932528,1.15391,0.73741,1.14853,1.14086,1.88351,0.994224,1.6777
258,1.15248,1.54749,0.468081,1.07954,1.04017,0.449629,0.763839,2.37332,0.590804,1.2493,1.61293,0.577982,1.3691,0.837493,0.980194,0.639804,0.931049,1.01472,1.91619,0.893627,1.56773
259,1.08052,1.14096,0.248598,1.01574,1.21416,0.632382,0.501506,2.28749,0.548508,1.13443,1.44134,0.66,1.25925,0.786038,0.803302,0.603994,0.920858,0.986365,1.94932,0.873365,1.58666
260,1.04899,0.790947,0.317021,0.882866,0.320225,0.264234,0.22384,2.13774,0.436611,1.18942,1.26176,0.736518,1.22209,0.840694,0.822252,0.681953,0.910372,1.06024,2.31286,0.959013,1.68257
261,1.00818,0.781612,0.346879,0.91252,0.335571,0.323786,0.233205,2.49028,0.527024,1.22707,1.12737,0.851169,1.17438,0.968478,0.85254,0.743328,0.943782,1.14662,2.72319,1.14713,1.87357
262,0.987924,0.812147,0.338889,1.02029,0.364491,0.385696,0.237845,2.88808,0.700318,1.32094,1.14497,1.04583,1.25287,1.20059,1.10432,0.916565,1.19148,1.439,3.10864,1.87142,2.36243
263,1.03823,0.830009,0.351557,1.20256,0.407773,0.445,0.235303,3.30912,0.855664,1.45055,1.23847,1.33423,1.41353,1.45913,1.23217,1.22423,1.46583,1.8088,3.64993,2.48805,2.86192
264,1.53693,1.62332,3.07664,2.17002,1.08431,1.00245,3.26648,5.0741,3.4503,2.17176,1.99044,4.02987,2.76191,2.24871,1.68954,1.95914,2.08446,4.08058,5.37846,5.12103,4.88814
265,3.0321,3.7324,4.47207,2.43182,2.76145,4.1883,6.48803,6.1198,6.71958,3.64931,3.81228,5.29092,4.29879,2.75176,3.07894,4.85184,3.75611,6.40782,6.38598,7.52661,6.91777
266,4.94345,5.56003,7.20978,4.07711,3.93034,7.4906,8.65201,7.97357,8.35688,5.30792,5.74046,7.81965,6.28139,4.92171,5.33913,7.99845,6.26042,9.08576,7.85418,8.92935,9.10098
267,7.01968,8.13778,9.77206,8.26918,6.03613,9.40086,7.24516,9.95103,8.04554,7.55372,8.50155,10.5841,8.7945,8.51674,6.31912,9.55212,8.61742,6.92039,9.7999,9.18224,9.17195
268,3.66141,2.17611,4.10972,4.09519,2.75168,5.99466,1.27382,4.92693,6.09277,4.21249,3.46311,5.27414,4.29055,4.07488,3.21401,6.80029,5.85577,2.28428,5.84689,6.9465,5.45867
269,2.73765,0.970875,5.14282,3.01552,1.46136,6.87194,0.192358,3.2111,6.56062,2.93602,1.77492,5.95547,4.27094,2.84878,2.25321,6.89832,4.94103,1.35492,3.88242,7.02662,4.84587
270,2.33113,0.877566,1.26122,2.66076,0.980254,1.18903,0.187095,2.15959,1.4973,2.5244,1.3894,2.15866,2.96845,2.58141,1.68934,1.63781,3.23047,1.15924,2.69528,2.2754,2.876
271,2.17567,0.871031,0.238765,2.68996,0.804271,0.32068,0.178844,1.83857,0.484101,2.28506,1.35581,1.20306,2.57394,2.62411,1.79032,0.877638,3.03894,1.24009,2.46469,1.23162,2.58562
272,7.36218,6.97751,0.191777,6.99742,6.7934,0.293865,4.82863,6.6531,0.385446,7.09048,6.97128,1.02771,6.53248,7.34156,5.96811,0.702758,7.34722,6.42718,6.88152,0.825956,6.34625
273,2.30961,1.38645,0.172438,1.31802,1.56687,0.28543,0.611604,1.94158,0.369542,2.61378,1.77319,0.899886,1.93603,1.95791,1.95388,0.5965,1.8627,1.37063,2.44537,0.654956,1.8473
274,1.6715,0.487042,0.159892,0.590858,0.41826,0.238693,0.159909,1.51602,0.33502,2.12058,1.12659,0.739417,1.39672,1.0847,0.83202,0.510686,0.975178,0.47899,1.82942,0.56388,1.2551
275,1.63229,0.474388,0.153303,0.554367,0.369556,0.196696,0.160182,1.41552,0.337725,1.97899,1.0409,0.63972,1.26831,0.855374,0.642494,0.480528,0.82363,0.430319,1.63503,0.542239,1.14032
276,1.58455,0.454555,0.14867,0.529632,0.329199,0.162443,0.169146,1.29341,0.3279,1.81355,0.977508,0.523861,1.15297,0.711946,0.551291,0.47111,0.742487,0.401955,1.41802,0.526109,1.00438
277,1.6155,0.446403,0.150313,0.544036,0.329079,0.154182,0.180166,1.27982,0.312722,1.7773,0.959976,0.468588,1.12344,0.703518,0.517814,0.494352,0.735116,0.411393,1.33783,0.528308,0.961566
278,1.60334,0.421346,0.152686,0.543476,0.322125,0.159247,0.194117,1.1994,0.311953,1.7418,0.919546,0.520263,1.11285,0.753091,0.507872,0.52529,0.74368,0.440799,1.24087,0.571529,0.930138
279,1.51152,0.409824,0.158525,0.547325,0.313513,0.177726,0.20426,1.08013,0.342955,1.80559,1.06571,0.798354,1.25002,1.00398,0.539046,0.549705,0.815577,0.642847,1.26266,0.871866,1.04846
280,4.03324,5.10093,5.4969,5.80448,0.866778,1.52184,5.33112,5.3974,5.7354,5.31381,5.60271,4.74861,5.23706,5.36989,0.693433,2.17786,3.51013,5.42735,5.79094,5.73501,5.9285
281,2.0501,1.80982,1.12599,2.07412,0.700937,0.837028,1.39894,2.54091,1.42951,2.11118,1.81957,1.32036,1.80935,2.34238,0.807711,1.2689,1.81095,1.52386,2.50858,1.70395,2.05132
282,1.67925,1.14101,0.243897,1.55174,0.44426,0.826497,0.212893,2.36085,0.607901,1.77195,1.35382,0.827554,1.40194,1.94233,0.934129,1.35187,1.75356,0.843047,2.1404,1.0934,1.54843
283,1.65414,1.07534,0.231193,1.5284,0.371168,0.790445,0.209556,2.32283,0.579873,1.78463,1.21734,0.932974,1.37136,1.75101,1.04478,1.40923,1.70005,0.760293,2.0659,0.99122,1.47085
284,2.21418,1.57813,1.33746,2.15494,1.16536,2.45459,0.329671,3.59519,0.970125,1.94393,1.73189,1.50828,1.75319,2.16073,1.53256,2.50773,2.34962,0.748266,3.26673,1.75885,2.08531
285,4.99634,4.03122,2.79096,4.31819,4.42247,3.8211,0.902773,4.63698,3.19198,4.81147,3.50361,3.04814,3.76216,4.61584,4.60542,3.0361,4.22985,1.92825,5.03551,3.83539,3.82621
286,5.63275,6.37964,5.31009,6.18056,4.70855,6.21756,3.77532,5.90268,4.83581,5.92969,5.74163,5.82208,5.81385,6.5161,5.69004,5.83517,6.1097,4.08396,6.38292,5.49293,5.33485
287,5.55813,4.70864,4.02596,5.6798,5.65231,4.52805,2.91919,5.2299,4.53641,5.11575,4.22024,4.66349,4.61349,5.23178,6.46001,4.6602,5.99685,3.2909,5.74535,4.68725,4.53628
288,5.72533,5.67605,3.83563,5.41583,4.60561,2.97472,1.139,4.76778,4.43065,5.15501,6.29716,4.10609,5.14006,6.27472,5.25641,2.63889,5.12261,1.82379,4.36188,4.66674,3.675
289,4.29641,3.85607,1.97904,6.55649,2.32777,1.29699,0.592211,4.07976,3.6976,3.73697,3.81261,1.69684,3.07429,6.81996,2.79481,1.3228,4.19572,1.14168,3.51375,4.1591,3.08339
290,2.02662,1.25733,0.523503,1.65301,0.900935,0.656088,0.267477,1.99772,1.06896,1.81938,1.39914,0.846542,1.39315,1.67417,0.990704,0.931299,1.45011,0.633501,1.71829,1.41642,1.39175
291,1.60703,0.679034,0.206963,0.998326,0.389584,0.396027,0.1863,1.5386,0.450911,1.61099,0.945981,0.653459,1.11803,1.17479,0.733144,0.764941,1.12445,0.582688,1.39971,0.802643,1.04305
292,1.54354,0.629252,0.189866,0.925441,0.424697,0.344238,0.187624,1.36395,0.402109,1.56656,0.83957,0.561836,1.05282,1.14232,0.546822,0.636207,1.01304,0.558073,1.28374,0.702191,0.984109
293,1.47591,0.495865,0.173446,0.933127,0.460207,0.301443,0.193175,1.31998,0.390932,1.48081,0.816103,0.505765,1.00108,1.01717,0.511971,0.6266,0.919915,0.50403,1.17956,0.700452,0.949411
294,1.44842,0.429329,0.159183,0.624431,0.40133,0.225873,0.196426,1.1639,0.349466,1.39755,0.697257,0.455061,0.921786,0.826094,0.482998,0.527623,0.740026,0.41772,1.07311,0.647855,0.864689
295,1.4832,0.400803,0.146821,0.559369,0.361164,0.201074,0.195951,1.06129,0.352057,1.41844,0.688622,0.46431,0.933872,0.662172,0.442952,0.473634,0.648518,0.389003,1.05356,0.629742,0.837807
296,1.46569,0.399206,0.140352,0.535818,0.344792,0.196679,0.190851,1.04216,0.370442,1.38077,0.649535,0.475576,0.923478,0.565047,0.423365,0.481662,0.624413,0.359237,1.03139,0.624423,0.808408
297,1.32048,0.403991,0.137939,0.476952,0.294232,0.185634,0.178641,0.977099,0.377124,1.29403,0.664993,0.508221,0.901728,0.532216,0.424195,0.492102,0.646323,0.346903,0.979039,0.612839,0.766503
298,1.24687,0.411743,0.137513,0.431553,0.255918,0.188954,0.167909,0.937051,0.402644,1.25009,0.775552,0.582635,0.938509,0.5477,0.461499,0.492324,0.703379,0.388171,0.925858,0.640736,0.760781
299,1.31708,0.434896,0.144734,0.411122,0.286195,0.216251,0.158771,1.07127,0.397504,1.40214,0.961119,0.628714,1.06569,0.690404,0.548945,0.496679,0.861694,0.497827,1.04991,0.654647,0.876126
300,1.09818,0.409092,0.326774,0.374901,0.26611,0.168052,0.140913,0.841308,0.638335,1.00258,2.17443,1.01917,1.55146,0.544173,0.458443,0.877931,0.79247,0.776321,0.74918,0.830603,0.850907
301,0.971614,0.422401,0.210149,0.37701,0.277934,0.138912,0.14738,0.79786,0.352088,0.843989,1.15361,0.621442,0.958836,0.34799,0.391936,0.547732,0.493418,0.581029,0.719111,0.568572,0.666939
302,0.967066,0.446871,0.201043,0.398349,0.291967,0.164587,0.15533,0.84018,0.298837,0.862503,0.935129,0.532119,0.833688,0.364441,0.423223,0.474463,0.44498,0.628257,0.752695,0.556654,0.678196
303,0.929068,0.497173,0.185723,0.431984,0.323251,0.240993,0.162576,0.87231,0.254779,0.868517,0.994264,0.55175,0.839914,0.433232,0.495458,0.519201,0.485179,0.661478,0.759296,0.552281,0.679759
304,0.889429,0.557946,0.178108,0.481615,0.365974,0.313014,0.170641,0.901703,0.233383,0.941868,1.01742,0.613756,0.888411,0.597936,0.626071,0.653326,0.621617,0.743139,0.779952,0.691196,0.75617
305,0.805528,0.620925,0.218688,0.497175,0.404677,0.377666,0.176849,0.957661,0.360633,1.05236,1.03436,0.695875,0.954055,0.782914,0.79208,0.842947,0.790541,0.847663,0.84628,0.932139,0.879476
306,0.833118,0.686957,0.276396,0.532964,0.44499,0.434101,0.185369,1.04764,0.510653,1.21736,1.21171,0.843029,1.11593,1.1119,1.08109,1.18043,1.0982,1.03485,1.01214,1.28505,1.10311
307,1.31887,1.36014,1.35994,1.24585,1.69611,1.16065,0.944756,2.51291,1.84243,1.74976,2.26008,1.88655,1.9683,2.06261,2.09732,1.80873,1.98603,2.1563,2.4565,2.65861,2.40067
308,3.30761,2.91889,3.44169,4.21654,4.94487,2.24581,2.30219,4.81919,3.65134,4.00786,3.54736,4.11278,3.86844,5.12698,5.19001,3.43835,4.75081,3.80056,4.91055,4.30593,4.31506
309,4.09679,3.95052,5.93818,4.86678,4.40369,4.41732,4.01293,5.06214,4.23136,4.90081,4.21915,5.76022,4.90148,5.09576,4.91638,4.88678,5.14753,4.59631,5.25673,5.0533,4.97185
310,5.98619,6.49351,6.58893,5.93765,7.59658,8.42084,6.77246,7.54688,6.31346,6.61663,7.09542,6.78376,6.76636,6.28972,8.97986,8.68102,8.26049,6.81407,8.41922,6.61366,7.35873
311,6.51771,6.6872,9.32445,7.9561,8.92499,8.08661,4.52827,9.82092,7.17579,6.37335,7.25043,9.09835,7.52266,8.46358,8.87926,7.93863,8.79734,4.6129,10.5304,7.54709,7.90322
312,5.65493,6.42481,7.2798,7.64263,7.90773,6.16944,4.46467,8.47539,6.16079,5.49753,6.66328,7.28387,6.46468,7.5492,7.73583,5.98583,7.32324,4.81321,8.42965,6.60476,6.78084
313,4.36537,6.47898,5.9883,4.54335,5.4599,3.42849,3.51959,5.43036,5.68401,4.45538,5.73497,5.46583,5.22353,4.77978,5.45298,4.03898,4.83355,3.33383,5.47201,6.22177,5.22371
314,1.7356,1.33192,1.33925,1.49873,1.2103,0.962928,0.906886,1.66424,1.15332,2.18213,1.89696,1.52371,1.824,2.08581,1.71316,1.90299,1.88058,1.72954,1.6151,2.07154,1.81539
315,1.05747,0.580903,0.345129,0.44433,0.368796,0.329695,0.169161,1.17054,0.542244,1.45817,1.26574,0.92677,1.19004,1.01342,0.941114,0.992568,0.973404,1.14792,1.19795,1.07969,1.12571
316,0.943841,0.582247,0.294642,0.375175,0.364943,0.313655,0.161341,1.131,0.494272,1.17109,1.12967,0.754107,1.00782,0.632178,0.718477,0.601473,0.642619,0.916947,1.05074,0.713851,0.881418
317,0.967246,0.590515,0.26144,0.348408,0.362057,0.29925,0.153178,1.1682,0.454999,1.0797,1.10824,0.71005,0.967189,0.483604,0.660098,0.485821,0.535872,0.84699,1.0121,0.62654,0.821121
318,1.00537,0.575383,0.217478,0.345857,0.345742,0.276883,0.147334,1.12024,0.414818,0.983196,1.06049,0.648345,0.917812,0.40266,0.57978,0.463945,0.475931,0.759136,0.913641,0.577966,0.750054
319,1.05609,0.565621,0.195273,0.32842,0.334996,0.255727,0.141855,1.07805,0.469366,0.941489,1.0017,0.618705,0.89365,0.372192,0.522917,0.486181,0.456029,0.712687,0.850855,0.60613,0.72401
320,1.08542,0.567988,0.181594,0.303432,0.335222,0.245866,0.135986,1.03817,0.566854,0.989217,0.982574,0.593051,0.922255,0.40072,0.536631,0.480088,0.475217,0.702306,0.841556,0.708633,0.750345
321,1.36483,0.573413,0.143534,0.343953,0.336851,0.275622,0.130112,1.32513,0.819084,0.999959,0.913306,0.460444,0.892861,0.44255,0.527925,0.439431,0.507202,0.60816,0.872306,0.737445,0.759724
322,0.82612,0.571593,0.163745,0.364731,0.335512,0.225601,0.122979,0.840046,0.330294,0.928495,0.871942,0.396305,0.85731,0.401725,0.503094,0.413547,0.484232,0.568724,0.870812,0.647367,0.732859
323,0.721288,0.527185,0.193427,0.405218,0.307615,0.215677,0.117397,0.780859,0.303662,0.865344,0.799251,0.345,0.840406,0.395415,0.501092,0.374164,0.489733,0.513065,0.804888,0.587412,0.676683
324,0.731837,0.513857,0.198348,0.457633,0.305774,0.229489,0.112667,0.750567,0.312737,0.875173,0.770999,0.337658,0.867798,0.414048,0.490187,0.343101,0.495084,0.514476,0.784366,0.500204,0.633702
325,0.766944,0.456043,0.162567,0.487374,0.281571,0.240329,0.109885,0.681183,0.36807,0.876593,0.722511,0.323666,0.916764,0.47773,0.512836,0.299499,0.532215,0.537658,0.754569,0.419894,0.599289
326,0.815161,0.415619,0.141486,0.523569,0.273096,0.279788,0.106716,0.663395,0.423212,0.923915,0.751943,0.302021,0.98501,0.53202,0.519781,0.330798,0.57872,0.596794,0.789275,0.464814,0.638244
327,0.992023,0.49512,0.154544,0.770808,0.481583,0.265019,0.276642,0.811559,0.742623,1.02402,0.704686,0.279246,1.10518,0.627514,0.547429,0.358017,0.631376,0.683475,0.853362,0.660522,0.744835
328,1.41396,0.686124,0.300625,1.12559,0.445069,0.263976,0.118771,0.817414,0.739889,1.01485,0.657905,0.301988,1.11525,0.764401,0.528926,0.341024,0.712702,0.58287,0.774324,0.762906,0.738859
329,1.1369,0.515918,0.218628,0.823968,0.412227,0.195785,0.103657,0.646692,0.62634,0.984326,0.580442,0.31511,1.06357,0.801418,0.519108,0.338241,0.757704,0.549271,0.860054,0.698008,0.773318
330,1.13206,0.409541,0.226562,0.875902,0.453078,0.170509,0.104129,0.70682,0.610595,0.98358,0.621154,0.301995,1.05439,0.867976,0.592956,0.345939,0.809712,0.577606,0.985842,0.769208,0.93618
331,1.03939,0.947899,0.201445,1.25081,0.839775,0.207849,0.104755,1.33721,1.05747,1.00947,1.07869,0.351749,1.2098,1.04747,0.79342,0.358866,0.96399,0.602155,1.19431,0.972899,1.10865
332,1.24662,2.10771,0.213572,1.22971,1.08143,0.300579,0.105529,1.43455,0.910557,1.16539,2.47466,0.479075,1.80118,1.19254,1.01472,0.454887,1.1761,0.733495,1.29224,1.11294,1.10732
333,1.51476,0.520555,0.249824,1.4745,0.610478,0.346846,0.106362,1.15799,1.01664,1.41886,0.957568,0.766417,1.46524,1.31396,0.792419,0.536992,1.24054,0.916407,1.30372,1.26166,1.21062
334,1.46063,0.261711,0.249049,1.37767,0.361415,0.270243,0.109825,0.974446,0.979219,1.45961,0.888402,0.709624,1.41258,1.30156,0.660281,0.503003,1.22891,0.783889,1.22708,1.20378,1.15188
335,1.41296,0.28358,0.254839,1.27785,0.35813,0.251467,0.113305,0.873866,0.929545,1.46113,0.922933,0.623076,1.32437,1.27199,0.487833,0.48596,1.1618,0.69445,1.18931,1.18068,1.10891
336,1.44165,0.300897,0.280695,1.29626,0.370531,0.263619,0.117948,0.85029,0.930473,1.4377,0.889253,0.548673,1.26056,1.24823,0.402044,0.465993,1.11394,0.656129,1.19132,1.19081,1.10252
337,1.48916,0.309384,0.31698,1.37831,0.386988,0.290688,0.123424,0.907446,1.00591,1.43943,0.860134,0.624867,1.2554,1.20812,0.347842,0.415108,1.04994,0.636083,1.20022,1.20471,1.10151
338,1.6297,0.309324,0.35305,1.49956,0.408359,0.324867,0.130791,1.01834,1.14294,1.46953,0.916299,0.735758,1.30728,1.17311,0.355364,0.391526,1.01687,0.649498,1.22035,1.23423,1.11785
339,1.8841,0.304015,0.381072,1.60177,0.431001,0.353177,0.139622,1.10827,1.26637,1.55938,1.07402,0.830831,1.38081,1.16566,0.396502,0.48198,1.05241,0.741777,1.28127,1.31038,1.18757