secondary_structure,icSHAPE,libraryDMS,m2seq_librarySHAPE_eternafold,icSHAPE,libraryDMS,m2seq_librarySHAPE_eternafold,all
modeling,auto-DRRAFTER,auto-DRRAFTER,auto-DRRAFTER,auto-DRRAFTER and ERRASER,auto-DRRAFTER and ERRASER,auto-DRRAFTER and ERRASER,auto-DRRAFTER and ERRASER
score,convergence,convergence,convergence,convergence,convergence,convergence,convergence
159,2.21255,2.31021,0.106267,1.54513,1.66602,0.967582,3.86872
160,1.92585,1.56865,0.103147,1.49979,1.2281,0.873723,3.4806
161,3.36952,1.91485,0.101317,3.08837,1.8389,0.775533,4.05732
162,1.00447,0.895498,0.0999917,0.996263,1.06557,0.769606,3.54592
163,0.249998,0.30618,0.0995344,0.744537,0.699096,1.073,3.54939
164,0.0655685,0.0944994,6.74846,0.701731,0.575341,7.02886,5.01135
165,0.0642902,0.0936597,6.10928,0.603296,0.424415,6.5667,3.63611
166,0.0619427,0.0900312,1.09834,0.532863,0.421951,1.70562,1.32078
167,0.0588975,0.0849882,0.0920763,0.713543,0.687037,1.14728,1.12015
168,1.91775,2.95116,1.02004,2.11042,3.81564,1.76139,2.7336
169,4.07008,3.59129,4.7092,4.54291,3.90621,4.83888,5.25688
170,1.19356,1.25828,1.98,1.59313,1.29971,2.36682,2.00097
171,0.152219,0.260457,0.710167,1.09418,0.938707,1.0577,1.34512
172,0.0510431,0.0658229,0.0785663,0.985027,0.675798,0.680584,1.22337
173,0.0502576,0.0635338,0.0756609,1.49083,0.723326,0.568387,1.44837
174,5.04018,3.97222,0.149213,5.66302,4.31839,0.494523,4.5046
175,0.647718,6.14234,0.0977527,1.43963,6.41577,0.477271,3.80068
176,0.0499458,0.954098,0.0688123,0.753377,1.09287,0.444661,1.05272
177,0.0484192,0.0587891,0.065891,0.52977,0.290378,0.423858,0.654214
178,0.0462378,0.0546084,0.0625352,0.358219,0.236685,0.405004,0.503666
179,0.0444487,0.0504136,0.0589108,0.268829,0.168333,0.423552,0.402494
180,0.0426641,0.0456924,0.0548467,0.221717,0.144051,0.451101,0.382373
181,0.041631,0.0421509,0.0518811,0.20118,0.14391,0.484683,0.396276
182,0.0414038,0.0409682,0.0504828,0.280686,0.321588,0.521351,0.507078
183,0.0422451,0.0420004,0.0510437,0.47605,0.277832,0.822562,0.658595
184,0.0428606,0.0429066,0.0509998,0.371535,0.320077,0.382653,0.39304
185,0.044597,0.0460484,0.0512732,0.277735,0.393827,0.401372,0.385977
186,0.380131,0.30028,0.636546,0.410769,0.415252,0.526135,0.504749
187,0.665205,0.484413,0.780958,0.518243,0.446814,0.735161,0.631115
188,0.112755,0.0876548,0.107994,0.445206,0.447387,0.61591,0.576666
189,0.0486562,0.0489124,0.0493593,0.445842,0.415607,0.559991,0.553618
190,0.0494063,0.0483823,0.0504312,0.455665,0.377759,0.509478,0.534255
191,0.049489,0.0474133,0.0521451,0.4702,0.35075,0.501146,0.53106
192,0.0496327,0.0472087,0.0535767,0.480678,0.343734,0.497284,0.528095
193,0.0506045,0.0489765,0.0552325,0.494345,0.378805,0.500761,0.539046
194,0.145625,0.0523656,0.055621,0.51254,0.502259,0.477346,0.586551
195,0.0742603,0.0572046,0.0559625,0.554275,0.72964,0.474645,0.665718
196,0.0581312,0.0626927,0.0579365,0.494835,0.471529,0.476041,0.657818
197,0.0611195,0.0671128,0.0610947,0.500968,0.385958,0.488053,0.686241
198,0.0635338,0.069305,0.0648531,0.501205,0.380897,0.506614,0.674369
199,0.0653806,0.0702058,0.0687601,0.550383,0.494281,0.565496,0.692224
200,0.598935,0.766819,0.938683,0.809155,1.08637,0.966611,1.13398
201,1.94896,3.96849,3.35768,1.4854,3.43408,3.3129,2.84561
202,4.82681,4.85972,6.37726,3.84605,5.094,6.08809,5.00884
203,4.73506,3.91152,3.67024,4.97478,3.93288,3.21545,4.05614
204,1.79532,1.54446,2.57843,2.23137,1.71956,1.97795,2.10382
205,0.956639,0.960781,2.13493,0.994791,0.962671,2.27102,1.57343
206,0.255844,0.210401,0.263766,0.581979,0.618365,0.729116,0.900709
207,0.0598107,0.0612842,0.0644384,0.497922,0.521863,0.567982,0.8382
208,0.0595587,0.0626847,0.0616056,0.4573,0.478138,0.52139,0.781938
209,0.0584197,0.0628488,0.0587085,0.459769,0.563584,0.508253,0.80756
210,0.056867,0.0622768,0.0558764,0.556663,0.877896,0.487884,0.987542
211,0.462098,0.0632819,0.0534713,0.581855,1.51966,0.522639,2.39978
212,0.416448,0.0563436,0.0521272,0.613394,0.740482,0.550222,0.934638
213,0.258135,0.0517413,0.0515791,0.608549,0.424836,0.550343,0.780016
214,0.047933,0.0472778,0.0509384,0.60967,0.381343,0.592506,0.74766
215,0.0459704,0.0433787,0.0504504,0.619951,0.38606,0.631304,0.708324
216,0.0449222,0.041607,0.0495121,0.641969,0.426642,0.686596,0.719207
217,0.0443763,0.041082,0.0485768,0.696649,0.518577,0.811438,0.793033
218,0.0447956,0.0424904,0.0478378,0.873816,0.672922,1.02134,0.949383
219,2.16412,1.76659,1.99436,2.52051,1.5309,2.27132,2.1328
220,7.22752,6.35211,6.4601,8.93125,7.21782,6.38747,7.37096
221,6.54752,6.69339,6.43324,7.8914,6.69564,5.96244,6.85903
222,4.98422,5.82687,5.68062,5.37751,6.36396,5.1913,5.57257
223,5.83762,6.62003,5.03873,5.85891,6.96259,4.73728,5.78838
224,2.82455,1.8216,2.31011,2.37386,1.7364,1.83099,1.9978
225,0.658737,0.570946,0.463028,0.701922,0.802511,0.769379,0.756874
226,0.0474045,0.0530717,0.0564454,0.385635,0.385253,0.502005,0.425684
227,0.0465575,0.0509586,0.0574086,0.300369,0.287597,0.431867,0.347972
228,0.0459856,0.049667,0.0584665,0.227649,0.240369,0.295822,0.258269
229,0.0455419,0.0484959,0.0583496,0.176986,0.189679,0.21942,0.200498
230,0.0463582,0.0496787,0.059605,0.159705,0.168126,0.206028,0.190585
231,0.0483342,0.0529051,0.0617587,0.143479,0.160755,0.202606,0.203182
232,0.0508408,0.0571204,0.0655154,0.140273,0.168142,0.195762,0.247636
233,0.0539688,0.0626846,0.0705576,0.188978,0.193115,0.261626,0.333541
234,0.0566264,0.0671062,0.0756867,0.347827,0.343226,0.54736,0.624238
235,0.50257,0.827825,7.4937,0.801434,0.890254,6.81679,4.74839
236,0.227677,0.228938,1.35594,0.533253,0.457755,1.30219,2.11038
237,0.0629258,0.0730894,0.0858277,0.589179,0.494396,0.569014,1.94247
238,0.541323,0.0745726,1.41776,0.98183,0.672144,1.06578,1.94392
239,2.03341,3.89093,2.82733,2.12626,3.98656,3.12575,3.85346
240,4.57212,5.88563,3.01937,4.83119,5.82387,2.86777,5.27235
241,2.85304,4.23659,2.66857,3.44412,4.05896,2.67724,4.37814
242,2.39314,0.909534,2.18463,2.72335,1.23853,1.95694,3.05606
243,1.04146,0.0645801,1.14062,1.07614,0.590269,0.950695,1.82378
244,0.262307,0.0632023,0.282785,0.532114,0.453324,0.511787,1.15964
245,0.0565229,0.480296,0.076352,0.449476,0.553807,0.423996,1.03597
246,0.0554615,0.160052,0.0745727,0.340244,0.291405,0.333052,0.793888
247,0.0539744,0.0639481,0.0709432,0.228864,0.20924,0.273158,0.550686
248,0.0525739,0.0624288,0.0673584,0.183474,0.184623,0.238423,0.402499
249,0.0506631,0.0594371,0.0630138,0.159603,0.18183,0.219769,0.328091
250,0.0479304,0.0541807,0.0583561,0.170877,0.178413,0.197532,0.27632
251,0.0456166,0.0495847,0.0545042,0.17442,0.177808,0.20665,0.251717
252,0.0436505,0.0452629,0.0521905,0.176838,0.183389,0.242247,0.236278
253,0.0428455,0.0433816,0.0518272,0.160496,0.154146,0.197592,0.211434
254,0.0446119,0.0464158,0.0538079,0.0984896,0.100795,0.121657,0.117587
255,0.0470143,0.050169,0.0560146,0.092151,0.0883962,0.080029,0.092947
256,0.0489289,0.0530222,0.0568013,0.0852217,0.0741606,0.0718458,0.086018
257,0.0528045,0.0588088,0.0599844,0.0923718,0.0778622,0.0825089,0.101187
258,0.0513146,0.056146,0.0581625,0.0857485,0.0740969,0.0882729,0.103696
259,0.0506505,0.055647,0.0585014,0.0876328,0.0848145,0.0958586,0.113748
260,0.0490299,0.0532434,0.0573083,0.0837531,0.0794357,0.100687,0.109641
261,0.0480676,0.051778,0.0572603,0.0984088,0.0984255,0.107814,0.134653
262,0.046951,0.050204,0.0573628,0.132966,0.158065,0.129943,0.196378
263,0.0449149,0.0471344,0.0567039,0.18657,0.25398,0.217387,0.287451
264,0.0435855,0.0456288,0.0570952,0.157188,0.149321,0.218024,0.25014
265,0.0428984,0.0454849,0.0576592,0.157195,0.146127,0.236145,0.301676
266,0.0429647,0.0469633,0.0593051,0.167006,0.142172,0.246725,0.372158
267,0.0438723,0.0502476,0.0621999,0.214331,0.15527,0.255245,0.465425
268,0.0460411,0.0554925,0.0663233,0.281079,0.215359,0.293352,0.551781
269,0.0486987,0.0609005,0.0707378,0.372028,0.352297,0.314965,0.609306
270,0.051474,0.237111,0.0747921,0.485733,0.396671,0.345464,0.677209
271,0.0535222,0.0879186,0.0792183,0.558401,0.269804,0.392894,0.86272
272,0.0553419,0.0728393,0.0829335,0.556301,0.309166,0.447633,0.940022
273,0.0567673,0.0755078,0.0863962,0.552914,0.46828,0.501136,1.02702
274,0.284674,0.495462,0.367938,0.570736,0.579513,0.525684,1.1266
275,0.0851635,0.285299,0.167198,0.548163,0.52668,0.656882,1.1744
276,0.062077,0.0882851,0.0992008,0.57733,0.468355,0.75362,1.21447
277,0.0654619,0.0949339,0.104265,0.607945,0.377165,0.634704,1.37362
278,0.0688551,0.100639,0.108402,0.629781,0.397133,0.676002,1.31639
279,0.0718115,0.105419,0.112207,0.652333,0.423638,0.700676,1.34928
280,0.344363,0.572816,0.113981,0.705265,0.613518,0.708606,1.63217
281,1.10661,1.24968,0.11499,1.00462,0.840392,0.817739,1.9432
282,1.91683,1.89059,0.489474,1.39916,1.11051,1.01506,2.29137