secondary_structure,m2seq,icSHAPE,eternafold,m2seq,icSHAPE,eternafold,all
modeling,auto-DRRAFTER,auto-DRRAFTER,auto-DRRAFTER,auto-DRRAFTER and ERRASER,auto-DRRAFTER and ERRASER,auto-DRRAFTER and ERRASER,auto-DRRAFTER and ERRASER
score,convergence,convergence,convergence,convergence,convergence,convergence,convergence
3,0.116417,0.150809,0.130582,1.79883,1.01751,1.13211,2.15825
4,0.114162,0.147903,0.127259,1.48459,0.889405,0.977813,2.00266
5,0.111197,0.146517,0.125305,1.00417,0.821542,0.760219,1.78955
6,0.108166,0.143253,0.122656,0.820418,0.787171,0.677668,1.7284
7,0.105498,0.139507,0.119853,0.85081,0.726957,0.643297,1.6811
8,0.104286,0.134052,0.115827,1.15442,0.867816,0.728327,1.8364
9,0.103451,0.127871,0.111148,1.56761,0.993788,0.941164,2.13199
10,0.101332,0.120851,0.105502,1.63042,1.04059,1.17921,2.24545
11,0.0989947,0.114489,0.101056,1.11033,0.885976,0.944066,2.01187
12,0.0968335,0.109648,0.0979114,1.0033,0.775365,0.935415,2.00646
13,0.0947834,0.106695,0.096331,0.908497,0.786586,1.04145,2.07777
14,0.849552,0.695685,0.0952104,1.14857,0.706232,1.24199,2.29282
15,2.06355,0.770664,0.0940758,2.47607,0.57267,1.66681,2.82869
16,0.405749,0.404717,4.27604,1.17876,0.487384,3.94213,4.37456
17,0.0955777,0.108464,5.27038,1.007,0.487528,5.5012,3.54438
18,0.0964975,0.107729,0.749558,0.850116,0.529857,1.11122,1.5349
19,0.0966838,0.10521,0.0920287,0.795163,0.57325,0.944806,1.2464
20,0.0960674,0.101522,0.0849692,0.851901,0.799779,1.02887,1.25521
21,2.5756,1.30189,1.51625,2.72793,1.51378,2.55873,2.74383
22,2.62092,2.78294,3.79711,2.39625,2.74723,4.00259,3.21163
23,1.60945,1.83668,1.5553,1.52619,1.45105,1.9679,1.93847
24,0.607263,0.690556,0.236248,1.14946,1.05593,1.32849,1.5203
25,0.0900183,0.0916452,0.074921,0.847219,0.706571,0.916813,1.11219
26,0.0888572,0.093082,0.0763238,0.740501,0.564546,0.752307,0.903846
27,0.356995,0.140642,0.316494,0.691622,0.500226,0.650902,0.839118
28,0.174929,0.125358,0.16591,0.514589,0.429122,0.519597,0.728972
29,0.0954493,0.101463,0.0794147,0.396787,0.370606,0.467099,0.665183
30,0.0987728,0.103364,0.0763017,0.317317,0.299274,0.389714,0.603934
31,0.102303,0.105273,0.0716099,0.257165,0.238458,0.316805,0.570444
32,0.105021,0.107668,0.0683384,0.232259,0.213179,0.300109,0.592525
33,0.105943,0.109304,0.0659575,0.206561,0.178248,0.277496,0.595583
34,0.105322,0.110355,0.0664461,0.212062,0.188221,0.268564,0.598525
35,0.103951,0.111083,0.0698649,0.261902,0.261544,0.293822,0.613395
36,0.108061,0.118337,0.0803761,0.274077,0.316111,0.300816,0.872367
37,0.113167,0.123245,0.0853524,0.373593,0.448121,0.332428,0.885396
38,0.12018,0.131658,0.0906915,0.55594,0.704331,0.486856,0.970075
39,0.655289,0.785569,0.637851,0.880141,0.828573,0.816646,1.19368
40,1.10497,1.29344,0.78391,1.37117,1.14281,0.88382,1.52958
41,0.18952,0.674873,0.242689,0.956244,0.966839,0.65062,1.53588
42,0.13815,0.150163,0.0848,0.90057,0.743866,0.562949,1.4205
43,0.142639,0.152695,0.0885907,0.899001,0.65072,0.537456,1.37291
44,0.146076,0.153391,0.0943329,0.904298,0.594215,0.513012,1.38473
45,0.149297,0.153896,0.101897,0.866332,0.513613,0.498561,1.40906
46,0.154702,0.157663,0.110505,0.920535,0.486869,0.487724,1.55687
47,1.99533,0.285581,0.118621,2.54578,0.484565,0.503933,3.93183
48,0.539871,0.209184,0.125555,1.04403,0.628995,0.633502,2.48065
49,0.169113,0.184444,0.130142,0.876256,0.630996,0.679201,2.45117
50,0.177172,0.193517,0.134131,0.874526,0.696515,0.596339,2.56144
51,0.183146,0.198345,0.135236,0.904519,0.799179,0.571862,2.45837
52,0.188125,0.201025,0.138438,0.964838,0.963557,0.728901,2.41496
53,1.09521,2.26432,1.372,1.31617,2.2371,0.939699,2.68906
54,3.44134,3.53939,2.67701,3.74684,3.5452,2.24323,3.53227
55,5.28523,6.15741,5.62268,4.8187,6.2739,4.83018,5.54535
56,5.0726,6.17808,5.23694,5.0665,6.444,6.11467,6.11439
57,4.96685,5.43628,4.75273,5.33367,6.29045,5.10471,5.90371
58,2.62746,2.61269,1.6362,3.13333,3.13459,1.78726,3.31984
59,0.428406,0.562866,0.316293,1.45841,1.18831,1.01659,2.14306
60,0.173141,0.181197,0.120725,1.19314,0.857598,0.723659,2.0145
61,0.171197,0.182821,0.117559,1.05122,0.739665,0.557409,1.99941
62,0.166938,0.181514,0.113778,1.12111,0.748826,0.453357,2.00562
63,0.162311,0.179428,0.115075,1.21195,0.785024,0.458717,2.10187
64,4.51526,0.43852,0.111644,4.47908,0.855346,0.407696,3.27281
65,5.58935,0.651361,0.114401,5.50297,0.663192,0.403937,3.88664
66,0.964987,0.265036,0.111319,1.26195,0.501624,0.451485,1.72122
67,0.14494,0.14804,0.105764,0.741371,0.473187,0.489681,1.59067
68,0.138334,0.140886,0.0971698,0.72446,0.500123,0.502616,1.54648
69,0.132749,0.136721,0.0880887,0.772313,0.546102,0.516524,1.53682
70,0.128333,0.134172,0.0806328,0.914921,0.675276,0.603356,1.66454
71,0.126114,0.134631,0.0759638,1.28989,1.0479,0.868102,2.00198
72,1.89322,2.76202,1.09035,2.54129,3.14099,1.35691,3.0518
73,6.74002,7.45106,4.38453,6.83733,7.78191,4.58719,6.95254
74,6.61842,7.05303,6.91791,7.01581,7.12745,7.02792,6.98286
75,6.17868,5.19062,4.10007,7.23885,5.09101,4.49356,5.69875
76,4.4611,4.39027,3.29978,4.78988,4.40725,3.36938,4.29881
77,3.37596,3.94653,2.53613,3.1404,3.57449,2.26244,3.05897
78,0.858347,0.76072,0.821505,1.22131,1.19625,0.912737,1.2405
79,0.119642,0.137091,0.0962667,0.582036,0.753895,0.426589,0.76746
80,0.115157,0.130187,0.0986532,0.416369,0.586588,0.384945,0.697335
81,0.11112,0.124687,0.0996132,0.333765,0.487075,0.354697,0.646467
82,0.106532,0.120247,0.0964577,0.254099,0.382011,0.29988,0.601672
83,0.104307,0.119627,0.0972189,0.239056,0.346337,0.304484,0.601577
84,0.105534,0.123647,0.100312,0.261762,0.326631,0.309852,0.592438
85,0.108025,0.128276,0.10699,0.304875,0.351233,0.288303,0.591638
86,0.111659,0.134537,0.115077,0.425481,0.487346,0.366702,0.647179
87,0.113948,0.139079,0.124161,0.964509,0.930661,0.807003,1.01893
88,5.30497,4.43568,3.99203,5.56157,4.63861,4.63269,4.85992
89,0.882195,1.05592,0.785849,1.20714,1.20101,0.977016,1.30867
90,0.119068,0.146991,0.145,0.721377,0.583612,0.619197,0.926822
91,0.120508,0.146511,0.152903,0.675966,0.608989,0.625034,0.903662
92,0.121174,0.145208,0.158139,0.695003,0.678063,0.72607,0.917547
93,0.122962,0.1461,0.163039,0.812822,0.732794,0.79683,0.952328
94,0.125803,0.1491,0.167951,0.945394,0.928135,1.05016,1.10492
95,0.915872,1.64109,1.52981,1.39625,1.53249,2.01084,1.68125
96,3.51057,3.59784,5.44055,3.55462,3.86549,5.45144,4.29583
97,6.94652,5.44465,7.78557,6.29326,4.88016,8.38205,6.64345
98,6.74344,5.34611,6.98334,6.02047,6.32105,7.27942,6.81448
99,6.05745,6.40816,6.49216,5.82296,7.18732,6.92743,6.80045
100,3.54157,4.12787,3.78372,3.20519,4.2251,3.67303,3.73116
101,0.449178,0.606785,0.535577,1.18951,1.35022,1.44116,1.49274
102,0.119963,0.142657,0.148935,0.942492,0.925566,0.998107,1.13345
103,0.11541,0.136833,0.142742,0.829982,0.78237,0.793711,0.978424
104,0.112666,0.133799,0.138646,0.681629,0.698682,0.636552,0.834599
105,0.112336,0.133592,0.135031,0.596418,0.600705,0.602524,0.764473
106,0.113548,0.134832,0.130826,0.602434,0.564501,0.615955,0.759813
107,0.114983,0.137976,0.125628,0.525977,0.541923,0.516062,0.709179
108,0.114912,0.138719,0.117381,0.468869,0.477181,0.407314,0.648437
109,0.114429,0.138316,0.107974,0.385284,0.411051,0.337113,0.621906
110,0.114096,0.136194,0.0989208,0.345599,0.373125,0.281525,0.614861
111,0.111785,0.130487,0.0906373,0.304278,0.349187,0.251229,0.588824
112,0.110251,0.126037,0.0836792,0.266145,0.339478,0.273528,0.579893
113,0.108677,0.121772,0.0811245,0.234918,0.288545,0.265101,0.594467
114,0.102864,0.112502,0.0751852,0.192887,0.250663,0.284346,0.599188
115,0.103011,0.114203,0.0796129,0.179773,0.25757,0.266891,0.402029
116,0.105702,0.117259,0.0834315,0.228412,0.275698,0.332998,0.412385
117,0.111046,0.121244,0.0825726,0.434111,0.258162,0.390666,0.446126
118,0.120186,0.128376,0.0860081,0.451887,0.39214,0.728804,0.63386
119,0.117742,0.125009,0.0820711,0.726982,0.321472,0.695754,0.88089
120,0.11538,0.12092,0.0798637,0.773166,0.284379,0.707705,0.712558
121,0.109878,0.116503,0.079213,0.281396,0.327654,1.26722,0.762129
122,0.103868,0.112086,0.079752,0.244643,0.22164,0.439535,0.460409
123,0.0992138,0.108479,0.0802423,0.218925,0.265694,0.332408,0.415956
124,0.0966333,0.105319,0.0787578,0.216283,0.26177,0.276964,0.388629
125,0.0955595,0.102328,0.075183,0.200236,0.251179,0.25446,0.418938
126,0.0961845,0.100636,0.0706949,0.188743,0.228858,0.246972,0.441179
127,0.0972507,0.0997501,0.0671523,0.183436,0.205776,0.250764,0.44185
128,0.0982057,0.0992499,0.0655242,0.186568,0.195985,0.25833,0.44064
129,0.0994346,0.100173,0.0676113,0.20774,0.201339,0.288936,0.486933
130,0.0983309,0.0998177,0.0714095,0.238343,0.234877,0.348189,0.529601
131,0.0962905,0.0993808,0.0757568,0.287509,0.285747,0.423473,0.595723
132,0.0926977,0.0983543,0.078033,0.334791,0.309149,0.436237,0.608837
133,0.0902412,0.0969206,0.0794837,0.390771,0.410188,0.493738,0.665814
134,0.0887057,0.0947489,0.0791159,0.586173,0.577959,0.672335,0.824328
135,1.37344,1.03346,0.482967,0.971949,0.794033,0.866059,1.10975
136,0.897889,0.453462,0.335112,0.846792,0.526918,0.996624,1.11359
137,0.0931659,0.0971307,0.0818073,0.505999,0.453813,0.838727,0.96126
138,0.0948977,0.101295,0.0868324,0.48389,0.450179,1.02527,1.0233
139,0.0963071,0.107092,0.0923234,0.521844,0.440503,1.92168,1.70914
140,0.0973478,0.112211,0.0978526,0.535344,0.528279,1.38985,1.39937
141,0.386295,0.782973,0.929979,0.570492,0.751721,1.18661,1.56821
142,0.15118,0.750033,0.532328,0.509173,0.918154,0.906099,1.4972
143,0.0983123,0.118686,0.106716,0.58441,0.850442,0.968874,1.5696
144,0.0996577,0.118638,0.106459,0.870681,1.13601,1.13799,1.74862
145,0.101244,0.12024,0.107054,1.47808,1.81254,1.65905,2.21825
146,1.20661,2.48571,4.21426,2.68146,2.82249,4.41871,3.55677
147,3.99125,4.42829,4.86499,4.39484,4.13731,4.92548,4.63172
148,6.0012,5.53839,7.21288,6.00579,6.33075,7.55396,7.23572
149,0.626591,0.586649,0.758397,2.35742,1.72389,1.72093,3.06887
150,0.109698,0.133921,0.118718,1.87824,1.37655,1.16353,2.69554
151,0.110037,0.140244,0.122904,1.44198,0.976717,0.918791,2.33734
152,0.110971,0.14711,0.127724,1.18103,0.831523,0.784791,2.16356
153,0.112515,0.154193,0.132674,1.1299,0.840185,0.748331,2.13262
154,0.114632,0.15896,0.135447,1.23396,0.913406,0.783012,2.05359
155,0.117544,0.16264,0.137493,1.59734,1.03406,0.922786,2.09638